concept_code,concept_name,class_type,concept_class_id,standard_concept
N0000175413,Platinum-based Drug,EPC,Leaf,C
N0000175414,Anthracycline Topoisomerase Inhibitor,EPC,Leaf,C
N0000175415,Nitrate Vasodilator,EPC,Leaf,C
N0000175416,Prostacycline Vasodilator,EPC,Leaf,C
N0000175418,Potassium-sparing Diuretic,EPC,Leaf,C
N0000175419,Thiazide Diuretic,EPC,Leaf,C
N0000175420,Thiazide-like Diuretic,EPC,Leaf,C
N0000175421,Dihydropyridine Calcium Channel Blocker,EPC,Leaf,C
N0000175423,Sympathomimetic Amine Anorectic,EPC,Leaf,C
N0000175425,Amphetamine Anorectic,EPC,Leaf,C
N0000175426,Antiarrhythmic,EPC,Leaf,C
N0000175427,Anti-anginal,EPC,Leaf,C
N0000175428,Glinide,EPC,Leaf,C
N0000175429,Antidote,EPC,SubClass,C
N0000175430,Atypical Antipsychotic,EPC,Leaf,C
N0000175431,Macrolide Antibacterial,EPC,Leaf,C
N0000175432,Quinolone Antibacterial,EPC,SubClass,C
N0000175434,Pleuromutilin Antibacterial,EPC,Leaf,C
N0000175435,Nitroimidazole Antimicrobial,EPC,Leaf,C
N0000175443,Lincosamide Antibacterial,EPC,Leaf,C
N0000175453,Insulin Analog,EPC,Leaf,C
N0000175454,Prostaglandin Analog,EPC,Leaf,C
N0000175457,Calcineurin Inhibitor Immunosuppressant,EPC,Leaf,C
N0000175461,Cytomegalovirus Nucleoside Analog DNA Polymerase Inhibitor,EPC,Leaf,C
N0000175462,Human Immunodeficiency Virus Nucleoside Analog Reverse Transcriptase Inhibitor,EPC,Leaf,C
N0000175463,Human Immunodeficiency Virus 1 Non-Nucleoside Analog Reverse Transcriptase Inhibitor,EPC,Leaf,C
N0000175466,Nucleoside Analog Antiviral,EPC,SubClass,C
N0000175467,Nucleoside Analog Antifungal,EPC,Leaf,C
N0000175468,Herpesvirus Nucleoside Analog DNA Polymerase Inhibitor,EPC,Leaf,C
N0000175470,Pyrophosphate Analog DNA Polymerase Inhibitor,EPC,Leaf,C
N0000175473,Metal Chelator,EPC,SubClass,C
N0000175474,Unfractionated Heparin,EPC,Leaf,C
N0000175476,Vitamin K Antagonist,EPC,Leaf,C
N0000175477,Aminoglycoside Antibacterial,EPC,Leaf,C
N0000175480,Amphenicol-class Antibacterial,EPC,Leaf,C
N0000175481,Anthelmintic,EPC,Leaf,C
N0000175482,Antimalarial,EPC,SubClass,C
N0000175483,Antimycobacterial,EPC,SubClass,C
N0000175484,Antiparasitic,EPC,SubClass,C
N0000175485,Antiprotozoal,EPC,SubClass,C
N0000175486,Antiseptic,EPC,Leaf,C
N0000175487,Azole Antifungal,EPC,Leaf,C
N0000175488,Cephalosporin Antibacterial,EPC,Leaf,C
N0000175489,Dihydrofolate Reductase Inhibitor Antibacterial,EPC,Leaf,C
N0000175491,Glycopeptide Antibacterial,EPC,Leaf,C
N0000175492,Ketolide Antibacterial,EPC,Leaf,C
N0000175493,Monobactam Antibacterial,EPC,Leaf,C
N0000175494,Nitrofuran Antibacterial,EPC,Leaf,C
N0000175495,Oxazolidinone Antibacterial,EPC,Leaf,C
N0000175496,Penem Antibacterial,EPC,Leaf,C
N0000175497,Penicillin-class Antibacterial,EPC,Leaf,C
N0000175498,Polyene Antifungal,EPC,Leaf,C
N0000175499,Polymyxin-class Antibacterial,EPC,Leaf,C
N0000175500,Rifamycin Antibacterial,EPC,Leaf,C
N0000175501,Rifamycin Antimycobacterial,EPC,Leaf,C
N0000175502,Streptogramin Antibacterial,EPC,Leaf,C
N0000175503,Sulfonamide Antibacterial,EPC,Leaf,C
N0000175504,Sulfonamide Antimicrobial,EPC,SubClass,C
N0000175505,Tetracycline-class Antimicrobial,EPC,Leaf,C
N0000175507,Echinocandin Antifungal,EPC,Leaf,C
N0000175509,Lipopeptide Antibacterial,EPC,Leaf,C
N0000175510,Lipid-based Polyene Antifungal,EPC,Leaf,C
N0000175511,Methylated Sulfonamide Antibacterial,EPC,Leaf,C
N0000175514,Renal Dehydropeptidase Inhibitor,EPC,Leaf,C
N0000175515,RNA Synthetase Inhibitor Antibacterial,EPC,Leaf,C
N0000175517,Carbonic Anhydrase Inhibitor,EPC,Leaf,C
N0000175518,Direct Thrombin Inhibitor,EPC,Leaf,C
N0000175519,Histamine-1 Receptor Inhibitor,EPC,Leaf,C
N0000175521,Interferon alpha,EPC,Leaf,C
N0000175522,Iron Chelator,EPC,Leaf,C
N0000175524,Neuraminidase Inhibitor,EPC,Leaf,C
N0000175525,Proton Pump Inhibitor,EPC,Leaf,C
N0000175526,Thrombolytic Agent,EPC,Leaf,C
N0000175530,Copper Absorption Inhibitor,EPC,Leaf,C
N0000175531,Endoglycosidase,EPC,Leaf,C
N0000175535,Demulcent,EPC,Leaf,C
N0000175536,Diagnostic Dye,EPC,Leaf,C
N0000175539,Local Anesthetic,EPC,SubClass,C
N0000175540,Photoenhancer,EPC,Leaf,C
N0000175541,Interferon gamma,EPC,Leaf,C
N0000175543,Influenza A M2 Protein Inhibitor,EPC,Leaf,C
N0000175552,alpha-Adrenergic Agonist,EPC,SubClass,C
N0000175553,alpha-Adrenergic Blocker,EPC,Leaf,C
N0000175554,Central alpha-2 Adrenergic Agonist,EPC,Leaf,C
N0000175555,beta-Adrenergic Agonist,EPC,SubClass,C
N0000175556,beta-Adrenergic Blocker,EPC,Leaf,C
N0000175557,Aldosterone Antagonist,EPC,Leaf,C
N0000175558,Alkylating Drug,EPC,Leaf,C
N0000175559,alpha-Glucosidase Inhibitor,EPC,Leaf,C
N0000175560,Androgen Receptor Inhibitor,EPC,Leaf,C
N0000175561,Angiotensin 2 Receptor Blocker,EPC,Leaf,C
N0000175562,Angiotensin Converting Enzyme Inhibitor,EPC,Leaf,C
N0000175563,Aromatase Inhibitor,EPC,Leaf,C
N0000175564,Arteriolar Vasodilator,EPC,Leaf,C
N0000175565,Biguanide,EPC,Leaf,C
N0000175566,Calcium Channel Blocker,EPC,Leaf,C
N0000175567,Calcium Binder,EPC,Leaf,C
N0000175568,Cardiac Glycoside,EPC,Leaf,C
N0000175569,Catecholamine Synthesis Inhibitor,EPC,Leaf,C
N0000175570,Catecholamine,EPC,Leaf,C
N0000175571,CD33-directed Immunoconjugate,EPC,Leaf,C
N0000175572,CCR5 Co-receptor Antagonist,EPC,Leaf,C
N0000175573,Chloride Channel Activator,EPC,Leaf,C
N0000175574,Anticholinergic,EPC,Leaf,C
N0000175575,Complement Inhibitor,EPC,Leaf,C
N0000175576,Corticosteroid,EPC,Leaf,C
N0000175578,Platelet Aggregation Inhibitor,EPC,SubClass,C
N0000175579,Bisphosphonate,EPC,Leaf,C
N0000175580,Dopaminergic Agonist,EPC,Leaf,C
N0000175581,Endothelin Receptor Antagonist,EPC,Leaf,C
N0000175582,Estrogen Receptor Antagonist,EPC,Leaf,C
N0000175583,Omega-3 Fatty Acid,EPC,Leaf,C
N0000175584,Folate Analog Metabolic Inhibitor,EPC,Leaf,C
N0000175586,Low Molecular Weight Heparin,EPC,Leaf,C
N0000175587,Histamine-1 Receptor Antagonist,EPC,Leaf,C
N0000175588,Histone Deacetylase Inhibitor,EPC,Leaf,C
N0000175589,HMG-CoA Reductase Inhibitor,EPC,Leaf,C
N0000175590,Loop Diuretic,EPC,Leaf,C
N0000175591,Intestinal Lipase Inhibitor,EPC,Leaf,C
N0000175592,Microtubule Inhibitor,EPC,Leaf,C
N0000175594,Nicotinic Acid,EPC,Leaf,C
N0000175595,Nucleoside Metabolic Inhibitor,EPC,Leaf,C
N0000175596,Peroxisome Proliferator Receptor alpha Agonist,EPC,Leaf,C
N0000175597,Phosphate Binder,EPC,Leaf,C
N0000175598,Phosphodiesterase 3 Inhibitor,EPC,Leaf,C
N0000175599,Phosphodiesterase 5 Inhibitor,EPC,Leaf,C
N0000175600,Potassium Salt,EPC,Leaf,C
N0000175601,Progesterone,EPC,Leaf,C
N0000175602,Progestin,EPC,SubClass,C
N0000175603,Prostacycline,EPC,SubClass,C
N0000175604,Proteasome Inhibitor,EPC,Leaf,C
N0000175605,Kinase Inhibitor,EPC,SubClass,C
N0000175606,Recombinant Human Growth Hormone,EPC,Leaf,C
N0000175607,Retinoid,EPC,Leaf,C
N0000175608,Sulfonylurea,EPC,Leaf,C
N0000175609,Topoisomerase Inhibitor,EPC,SubClass,C
N0000175610,Tumor Necrosis Factor Blocker,EPC,Leaf,C
N0000175611,Urease Inhibitor,EPC,Leaf,C
N0000175612,Vinca Alkaloid,EPC,Leaf,C
N0000175613,Antimetabolite Immunosuppressant,EPC,Leaf,C
N0000175616,Human Immunodeficiency Virus 1 Fusion Inhibitor,EPC,SubClass,C
N0000175622,Interleukin-2 Receptor Blocking Antibody,EPC,Leaf,C
N0000175623,Respiratory Syncytial Virus Anti-F Protein Monoclonal Antibody,EPC,Leaf,C
N0000175625,mTOR Inhibitor Immunosuppressant,EPC,Leaf,C
N0000175630,Mast Cell Stabilizer,EPC,Leaf,C
N0000175634,Antifibrinolytic Agent,EPC,Leaf,C
N0000175637,Factor Xa Inhibitor,EPC,Leaf,C
N0000175638,Platelet-reducing Agent,EPC,Leaf,C
N0000175640,Catecholamine-depleting Sympatholytic,EPC,Leaf,C
N0000175641,Autonomic Ganglionic Blocker,EPC,Leaf,C
N0000175655,Gonadotropin Releasing Hormone Receptor Agonist,EPC,Leaf,C
N0000175656,Hepatitis B Virus Nucleoside Analog Reverse Transcriptase Inhibitor,EPC,Leaf,C
N0000175657,CD20-directed Cytolytic Antibody,EPC,Leaf,C
N0000175658,CD20-directed Radiotherapeutic Antibody,EPC,Leaf,C
N0000175659,CD52-directed Cytolytic Antibody,EPC,Leaf,C
N0000175661,HER2/neu Receptor Antagonist,EPC,Leaf,C
N0000175664,Epidermal Growth Factor Receptor Antagonist,EPC,Leaf,C
N0000175665,Erythropoiesis-stimulating Agent,EPC,Leaf,C
N0000175666,Leukocyte Growth Factor,EPC,Leaf,C
N0000175667,Lymphocyte Growth Factor,EPC,Leaf,C
N0000175669,Asparagine-specific Enzyme,EPC,Leaf,C
N0000175670,Uric Acid-specific Enzyme,EPC,Leaf,C
N0000175671,Mucocutaneous Epithelial Cell Growth Factor,EPC,Leaf,C
N0000175679,Aldehyde Dehydrogenase Inhibitor,EPC,Leaf,C
N0000175680,Benzodiazepine Antagonist,EPC,Leaf,C
N0000175681,General Anesthetic,EPC,Leaf,C
N0000175682,Amide Local Anesthetic,EPC,Leaf,C
N0000175683,Ester Local Anesthetic,EPC,Leaf,C
N0000175688,Partial Opioid Agonist/Antagonist,EPC,Leaf,C
N0000175689,Partial Opioid Agonist,EPC,Leaf,C
N0000175690,Opioid Agonist,EPC,SubClass,C
N0000175691,Opioid Antagonist,EPC,Leaf,C
N0000175692,Opioid Agonist/Antagonist,EPC,SubClass,C
N0000175693,Barbiturate,EPC,Leaf,C
N0000175694,Benzodiazepine,EPC,Leaf,C
N0000175695,Norepinephrine Reuptake Inhibitor,EPC,Leaf,C
N0000175696,Serotonin Reuptake Inhibitor,EPC,Leaf,C
N0000175697,N-type Calcium Channel Antagonist,EPC,Leaf,C
N0000175698,Xanthine Oxidase Inhibitor,EPC,Leaf,C
N0000175700,Cholinergic Muscarinic Antagonist,EPC,Leaf,C
N0000175705,Partial Cholinergic Nicotinic Agonist,EPC,Leaf,C
N0000175706,Cholinergic Nicotinic Agonist,EPC,SubClass,C
N0000175710,Interleukin-1 Receptor Antagonist,EPC,Leaf,C
N0000175712,Purine Antimetabolite,EPC,Leaf,C
N0000175713,Antirheumatic Agent,EPC,Leaf,C
N0000175714,Vitamin B Complex Member,EPC,Leaf,C
N0000175716,Respiratory Stimulant,EPC,Leaf,C
N0000175719,Depolarizing Neuromuscular Blocker,EPC,Leaf,C
N0000175720,Nondepolarizing Neuromuscular Blocker,EPC,Leaf,C
N0000175722,Nonsteroidal Anti-inflammatory Drug,EPC,Leaf,C
N0000175723,Cholinesterase Inhibitor,EPC,Leaf,C
N0000175737,Muscle Relaxant,EPC,SubClass,C
N0000175738,Skeletal Muscle Relaxant,EPC,Leaf,C
N0000175739,Central Nervous System Stimulant,EPC,Leaf,C
N0000175740,Benzothiazole,EPC,Leaf,C
N0000175742,Cholinesterase Reactivator,EPC,Leaf,C
N0000175743,Melatonin Receptor Agonist,EPC,Leaf,C
N0000175744,Monoamine Oxidase Inhibitor,EPC,SubClass,C
N0000175745,N-methyl-D-aspartate Receptor Antagonist,EPC,Leaf,C
N0000175746,Phenothiazine,EPC,Leaf,C
N0000175747,Recombinant Human Interferon beta,EPC,Leaf,C
N0000175749,Serotonin and Norepinephrine Reuptake Inhibitor,EPC,Leaf,C
N0000175750,Antihistamine,EPC,Leaf,C
N0000175751,Mood Stabilizer,EPC,Leaf,C
N0000175752,Tricyclic Antidepressant,EPC,Leaf,C
N0000175753,Anti-epileptic Agent,EPC,Leaf,C
N0000175754,Aromatic Amino Acid Decarboxylation Inhibitor,EPC,Leaf,C
N0000175757,Catechol-O-Methyltransferase Inhibitor,EPC,Leaf,C
N0000175758,Central Nervous System Depressant,EPC,Leaf,C
N0000175759,gamma-Aminobutyric Acid-ergic Agonist,EPC,SubClass,C
N0000175762,Monoamine Oxidase Type B Inhibitor,EPC,Leaf,C
N0000175765,Serotonin-1b and Serotonin-1d Receptor Agonist,EPC,Leaf,C
N0000175766,Ergotamine Derivative,EPC,Leaf,C
N0000175767,Ergot-derived Dopamine Receptor Agonist,EPC,Leaf,C
N0000175768,Nonergot Dopamine Agonist,EPC,Leaf,C
N0000175769,Sympathomimetic-like Agent,EPC,Leaf,C
N0000175771,Acetylcholine Release Inhibitor,EPC,Leaf,C
N0000175772,Acetylcholine Releasing Agent,EPC,Leaf,C
N0000175775,Integrin Receptor Antagonist,EPC,SubClass,C
N0000175776,Mucolytic,EPC,Leaf,C
N0000175777,Leukotriene Receptor Antagonist,EPC,Leaf,C
N0000175778,Surfactant,EPC,Leaf,C
N0000175779,beta2-Adrenergic Agonist,EPC,Leaf,C
N0000175780,Amino Acid,EPC,SubClass,C
N0000175781,Aminosalicylate,EPC,Leaf,C
N0000175782,Cannabinoid,EPC,Leaf,C
N0000175783,Glucosylceramide Synthase Inhibitor,EPC,Leaf,C
N0000175784,Histamine-2 Receptor Antagonist,EPC,Leaf,C
N0000175785,Prostaglandin E1 Analog,EPC,Leaf,C
N0000175786,Substance P/Neurokinin-1 Receptor Antagonist,EPC,Leaf,C
N0000175790,Methylxanthine,EPC,Leaf,C
N0000175794,Anti-IgE,EPC,Leaf,C
N0000175796,Non-narcotic Antitussive,EPC,Leaf,C
N0000175797,Amino Acid Hypertonic Solution,EPC,Leaf,C
N0000175798,Cholecystokinin Analog,EPC,Leaf,C
N0000175800,Dopamine-2 Receptor Antagonist,EPC,Leaf,C
N0000175801,Aluminum Complex,EPC,Leaf,C
N0000175802,Bile Acid,EPC,Leaf,C
N0000175805,Methylating Agent,EPC,Leaf,C
N0000175807,Nitrogen Binding Agent,EPC,Leaf,C
N0000175809,4-Hydroxyphenyl-Pyruvate Dioxygenase Inhibitor,EPC,Leaf,C
N0000175810,Osmotic Diuretic,EPC,Leaf,C
N0000175811,Osmotic Laxative,EPC,Leaf,C
N0000175812,Stimulant Laxative,EPC,Leaf,C
N0000175814,Sclerosing Agent,EPC,Leaf,C
N0000175815,Serotonin-4 Receptor Antagonist,EPC,Leaf,C
N0000175818,Serotonin-3 Receptor Antagonist,EPC,Leaf,C
N0000175819,Sucrose-specific Enzyme,EPC,Leaf,C
N0000175820,Hydrolytic Lysosomal Glucocerebroside-specific Enzyme,EPC,Leaf,C
N0000175821,Hydrolytic Lysosomal Glycogen-specific Enzyme,EPC,Leaf,C
N0000175822,Hydrolytic Lysosomal Neutral Glycosphingolipid-specific Enzyme,EPC,Leaf,C
N0000175823,Hydrolytic Lysosomal Glycosaminoglycan-specific Enzyme,EPC,Leaf,C
N0000175824,Androgen,EPC,Leaf,C
N0000175825,Estrogen,EPC,Leaf,C
N0000175826,Estrogen Agonist/Antagonist,EPC,Leaf,C
N0000175827,Ergot Derivative,EPC,Leaf,C
N0000175828,Oxytocic,EPC,Leaf,C
N0000175831,Copper-containing Intrauterine Device,EPC,Leaf,C
N0000175832,Progestin-containing Intrauterine Device,EPC,Leaf,C
N0000175835,Calculi Dissolution Agent,EPC,Leaf,C
N0000175836,5-alpha Reductase Inhibitor,EPC,Leaf,C
N0000175837,Glycosaminoglycan,EPC,Leaf,C
N0000175838,Gonadotropin,EPC,Leaf,C
N0000175839,Gonadotropin Releasing Hormone Receptor Antagonist,EPC,Leaf,C
N0000175840,Cholinergic Muscarinic Agonist,EPC,Leaf,C
N0000175841,Progestin Antagonist,EPC,Leaf,C
N0000175842,alpha-Hydroxy Acid,EPC,Leaf,C
N0000175843,Collagen-specific Enzyme,EPC,Leaf,C
N0000175845,Decarboxylase Inhibitor,EPC,Leaf,C
N0000175846,Porphyrin Precursor,EPC,Leaf,C
N0000175847,Pyrethroid,EPC,Leaf,C
N0000175848,Tubulin Inhibiting Agent,EPC,Leaf,C
N0000175849,Vitamin D Analog,EPC,Leaf,C
N0000175854,Melanin Synthesis Inhibitor,EPC,Leaf,C
N0000175864,Contrast Agent for Ultrasound Imaging,EPC,Leaf,C
N0000175866,Inhalation Diagnostic Agent,EPC,Leaf,C
N0000175872,Radioactive Therapeutic Agent,EPC,SubClass,C
N0000175874,Allylamine Antifungal,EPC,Leaf,C
N0000175875,Benzylamine Antifungal,EPC,Leaf,C
N0000175877,Macrolide,EPC,SubClass,C
N0000175879,Psoralen,EPC,Leaf,C
N0000175881,Sulfone,EPC,Leaf,C
N0000175882,Tetracycline-class Drug,EPC,SubClass,C
N0000175883,Adrenergic Receptor Agonist,EPC,SubClass,C
N0000175884,Cholinergic Receptor Agonist,EPC,Leaf,C
N0000175885,Human Platelet-derived Growth Factor,EPC,Leaf,C
N0000175886,Helicobacter pylori Diagnostic,EPC,Leaf,C
N0000175887,Human Immunodeficiency Virus Integrase Strand Transfer Inhibitor,EPC,Leaf,C
N0000175889,Protease Inhibitor,EPC,SubClass,C
N0000175895,Blood Viscosity Reducer,EPC,Leaf,C
N0000175896,Metabolic Alkalinizer,EPC,Leaf,C
N0000175898,Reducing and Complexing Thiol,EPC,Leaf,C
N0000175900,Renin Inhibitor,EPC,Leaf,C
N0000175901,Calcium,EPC,Leaf,C
N0000175902,Calcium-sensing Receptor Agonist,EPC,Leaf,C
N0000175903,Carnitine Analog,EPC,Leaf,C
N0000175904,Somatostatin Analog,EPC,Leaf,C
N0000175905,Vasopressin Analog,EPC,Leaf,C
N0000175907,Vitamin D2 Analog,EPC,Leaf,C
N0000175908,Vitamin D3 Analog,EPC,Leaf,C
N0000175909,Provitamin D2 Compound,EPC,Leaf,C
N0000175911,Dietary Cholesterol Absorption Inhibitor,EPC,Leaf,C
N0000175913,Dipeptidyl Peptidase 4 Inhibitor,EPC,Leaf,C
N0000175916,Factor VIII Activator,EPC,Leaf,C
N0000175918,Thyroid Hormone Synthesis Inhibitor,EPC,Leaf,C
N0000175928,Adrenal Steroid Synthesis Inhibitor,EPC,Leaf,C
N0000175930,beta Lactamase Inhibitor,EPC,Leaf,C
N0000175934,Dihydrofolate Reductase Inhibitor Antimalarial,EPC,Leaf,C
N0000175935,Macrolide Antimicrobial,EPC,Leaf,C
N0000175936,Polyene Antimicrobial,EPC,Leaf,C
N0000175937,Quinolone Antimicrobial,EPC,Leaf,C
N0000175938,Tetracycline-class Antibacterial,EPC,Leaf,C
N0000175939,Cyclooxygenase Inhibitor,EPC,Leaf,C
N0000175940,Vasodilator,EPC,SubClass,C
N0000175941,Adrenocorticotropic Hormone,EPC,Leaf,C
N0000175942,Calcitonin,EPC,Leaf,C
N0000175944,Insulin,EPC,Leaf,C
N0000175945,l-Thyroxine,EPC,Leaf,C
N0000175946,l-Triiodothyronine,EPC,Leaf,C
N0000175949,Thyroid Stimulating Hormone,EPC,Leaf,C
N0000175950,Vitamin A,EPC,Leaf,C
N0000175951,Vitamin B12,EPC,Leaf,C
N0000175952,Vitamin D,EPC,Leaf,C
N0000175956,5-Lipoxygenase Inhibitor,EPC,Leaf,C
N0000175958,Recombinant Human Deoxyribonuclease 1,EPC,Leaf,C
N0000175961,Antidote for Acetaminophen Overdose,EPC,Leaf,C
N0000175963,Lead Chelator,EPC,Leaf,C
N0000175966,Warfarin Reversal Agent,EPC,Leaf,C
N0000175973,Thrombopoietin Receptor Agonist,EPC,Leaf,C
N0000175980,Anti-coagulant,EPC,Leaf,C
N0000175983,Heparin Reversal Agent,EPC,Leaf,C
N0000175984,Photoactivated Radical Generator,EPC,Leaf,C
N0000177910,Amylin Analog,EPC,Leaf,C
N0000177913,Parenteral Iron Replacement,EPC,Leaf,C
N0000177914,Radioactive Diagnostic Agent,EPC,Leaf,C
N0000178326,Hematopoietic Stem Cell Mobilizer,EPC,Leaf,C
N0000178369,Folate Analog,EPC,Leaf,C
N0000178372,Antiemetic,EPC,Leaf,C
N0000178374,Antidiarrheal,EPC,Leaf,C
N0000178375,Adenosine Receptor Agonist,EPC,Leaf,C
N0000178376,Vasopressin Receptor Antagonist,EPC,SubClass,C
N0000178378,Potassium Binder,EPC,Leaf,C
N0000178480,GLP-1 Receptor Agonist,EPC,Leaf,C
N0000180182,Typical Antipsychotic,EPC,Leaf,C
N0000180183,Bismuth,EPC,Leaf,C
N0000180184,Paramagnetic Contrast Agent,EPC,Leaf,C
N0000180185,Radiographic Contrast Agent,EPC,Leaf,C
N0000180186,Peroxisome Proliferator Receptor gamma Agonist,EPC,Leaf,C
N0000180187,Herpes Simplex Virus Nucleoside Analog DNA Polymerase Inhibitor,EPC,Leaf,C
N0000180188,Herpes Zoster Virus Nucleoside Analog DNA Polymerase Inhibitor,EPC,Leaf,C
N0000180189,Prostaglandin E1 Agonist,EPC,Leaf,C
N0000180190,Thiazolidinedione,EPC,Leaf,C
N0000180191,Vitamin K,EPC,Leaf,C
N0000180292,Bile Acid Sequestrant,EPC,Leaf,C
N0000180850,Actinomycin,EPC,Leaf,C
N0000180851,Parathyroid Hormone,EPC,Leaf,C
N0000180852,Parathyroid Hormone Analog,EPC,Leaf,C
N0000180853,Antimetabolite,EPC,SubClass,C
N0000180854,Cytoprotective Agent,EPC,Leaf,C
N0000180855,Aminoketone,EPC,Leaf,C
N0000181811,Pediculicide,EPC,Leaf,C
N0000181816,Sphingosine 1-phosphate Receptor Modulator,EPC,Leaf,C
N0000181821,Uncompetitive N-methyl-D-aspartate Receptor Antagonist,EPC,Leaf,C
N0000182135,Cytochrome P450 2D6 Inhibitor,EPC,Leaf,C
N0000182142,P2Y12 Platelet Inhibitor,EPC,Leaf,C
N0000182144,Growth Hormone Releasing Factor Analog,EPC,Leaf,C
N0000182149,Sigma-1 Agonist,EPC,Leaf,C
N0000182159,Selective T Cell Costimulation Modulator,EPC,Leaf,C
N0000182633,Cytochrome P450 17A1 Inhibitor,EPC,Leaf,C
N0000182635,CTLA-4-directed Blocking Antibody,EPC,Leaf,C
N0000182637,B Lymphocyte Stimulator-specific Inhibitor,EPC,Leaf,C
N0000182639,Hepatitis C Virus NS3/4A Protease Inhibitor,EPC,Leaf,C
N0000182830,Selective T Cell Costimulation Blocker,EPC,Leaf,C
N0000182961,Phosphodiesterase 4 Inhibitor,EPC,Leaf,C
N0000182965,Bradykinin B2 Receptor Antagonist,EPC,Leaf,C
N0000182967,CD30-directed Immunoconjugate,EPC,Leaf,C
N0000183360,gamma-Aminobutyric Acid A Receptor Agonist,EPC,Leaf,C
N0000183362,Gadolinium-based Contrast Agent,EPC,Leaf,C
N0000183887,Inactivated Corynebacterium Diphtheriae Vaccine,EPC,Leaf,C
N0000183888,Inactivated Haemophilus Influenzae B Vaccine,EPC,Leaf,C
N0000183889,Inactivated Hepatitis A Virus Vaccine,EPC,Leaf,C
N0000183890,Inactivated Hepatitis B Virus Vaccine,EPC,Leaf,C
N0000183891,Inactivated Human Papillomavirus Vaccine,EPC,Leaf,C
N0000183892,Inactivated Influenza A Virus Vaccine,EPC,Leaf,C
N0000183893,Inactivated Influenza B Virus Vaccine,EPC,Leaf,C
N0000183894,Inactivated Japanese Encephalitis Virus Vaccine,EPC,Leaf,C
N0000183895,Inactivated Meningococcal Vaccine,EPC,Leaf,C
N0000183896,Inactivated Bordetella Pertussis Vaccine,EPC,Leaf,C
N0000183897,Inactivated Pneumococcal Vaccine,EPC,Leaf,C
N0000183898,Inactivated Poliovirus Vaccine,EPC,Leaf,C
N0000183899,Inactivated Rabies Virus Vaccine,EPC,Leaf,C
N0000183900,Inactivated Clostridium Tetani Vaccine,EPC,Leaf,C
N0000183901,Inactivated Salmonella Typhi Vaccine,EPC,Leaf,C
N0000183903,Live Attenuated Bacillus Anthracis Vaccine,EPC,Leaf,C
N0000183904,Live Attenuated Bacillus Calmette-Guerin Vaccine,EPC,Leaf,C
N0000183905,Live Attenuated Herpes Zoster Virus Vaccine,EPC,Leaf,C
N0000183906,Live Attenuated Bacillus Calmette-Guerin Immunotherapy,EPC,Leaf,C
N0000183907,Live Attenuated Measles Virus Vaccine,EPC,Leaf,C
N0000183908,Live Attenuated Rotavirus Vaccine,EPC,Leaf,C
N0000183909,Live Attenuated Rubella Virus Vaccine,EPC,Leaf,C
N0000183910,Live Attenuated Salmonella Typhi Vaccine,EPC,Leaf,C
N0000183911,Live Attenuated Varicella Zoster Virus Vaccine,EPC,Leaf,C
N0000183912,Live Attenuated Yellow Fever Virus Vaccine,EPC,Leaf,C
N0000183913,Live Human Adenovirus Type 4 Vaccine,EPC,Leaf,C
N0000183914,Live Human Adenovirus Type 7 Vaccine,EPC,Leaf,C
N0000183916,Live Rotavirus Vaccine,EPC,Leaf,C
N0000183917,Live Vaccinia Virus Vaccine,EPC,Leaf,C
N0000183918,Live Attenuated Mumps Virus Vaccine,EPC,Leaf,C
N0000184013,Carboxypeptidase,EPC,Leaf,C
N0000184014,Thalidomide Analog,EPC,Leaf,C
N0000184015,Cell Death Inducer,EPC,Leaf,C
N0000184144,Carbamoyl Phosphate Synthetase 1 Activator,EPC,Leaf,C
N0000184146,Cystic Fibrosis Transmembrane Conductance Regulator Potentiator,EPC,Leaf,C
N0000184149,Hedgehog Pathway Inhibitor,EPC,Leaf,C
N0000184162,Antivenin,EPC,Leaf,C
N0000184163,Immunoglobulin G,EPC,SubClass,C
N0000184164,Human Immunoglobulin,EPC,SubClass,C
N0000184165,Human Immunoglobulin G,EPC,Leaf,C
N0000184166,Anti-inhibitor Coagulant Complex,EPC,Leaf,C
N0000184167,Human Antihemophilic Factor,EPC,Leaf,C
N0000184168,Blood Coagulation Factor,EPC,Leaf,C
N0000184169,Human Blood Coagulation Factor,EPC,Leaf,C
N0000184170,Recombinant Antithrombin,EPC,Leaf,C
N0000184171,Human alpha-1 Proteinase Inhibitor,EPC,Leaf,C
N0000184172,Human C1 Esterase Inhibitor,EPC,Leaf,C
N0000184174,Human Serum Albumin,EPC,Leaf,C
N0000184175,Plasma Volume Expander,EPC,Leaf,C
N0000184315,Tuberculosis Skin Test,EPC,Leaf,C
N0000184316,Skin Test Antigen,EPC,SubClass,C
N0000184318,Allogeneic Cord Blood Hematopoietic Progenitor Cell Therapy,EPC,Leaf,C
N0000184319,Allogeneic Cultured Cell Scaffold,EPC,Leaf,C
N0000184997,Autologous Cellular Immunotherapy,EPC,Leaf,C
N0000185003,Standardized Animal Hair Allergenic Extract,EPC,Leaf,C
N0000185004,Standardized Animal Skin Allergenic Extract,EPC,Leaf,C
N0000185005,Standardized Insect Allergenic Extract,EPC,SubClass,C
N0000185006,Standardized Pollen Allergenic Extract,EPC,Leaf,C
N0000185008,beta3-Adrenergic Agonist,EPC,Leaf,C
N0000185010,Serotonin-2c Receptor Agonist,EPC,Leaf,C
N0000185021,Standardized Insect Venom Allergenic Extract,EPC,Leaf,C
N0000185363,Non-Standardized Animal Hair Allergenic Extract,EPC,Leaf,C
N0000185364,Non-Standardized Animal Skin Allergenic Extract,EPC,Leaf,C
N0000185365,Non-Standardized Insect Allergenic Extract,EPC,SubClass,C
N0000185366,Non-Standardized Insect Venom Allergenic Extract,EPC,Leaf,C
N0000185367,Non-Standardized Pollen Allergenic Extract,EPC,Leaf,C
N0000185368,Non-Standardized Animal Dander Allergenic Extract,EPC,Leaf,C
N0000185369,Non-Standardized Bacterial Allergenic Extract,EPC,Leaf,C
N0000185370,Non-Standardized Chemical Allergen,EPC,Leaf,C
N0000185371,Non-Standardized Food Allergenic Extract,EPC,Leaf,C
N0000185372,Non-Standardized Fungal Allergenic Extract,EPC,Leaf,C
N0000185373,Non-Standardized Feather Allergenic Extract,EPC,Leaf,C
N0000185374,Non-Standardized House Dust Allergenic Extract,EPC,Leaf,C
N0000185375,Non-Standardized Plant Allergenic Extract,EPC,SubClass,C
N0000185376,Non-Standardized Plant Fiber Allergenic Extract,EPC,Leaf,C
N0000185500,Guanylate Cyclase-C Agonist,EPC,Leaf,C
N0000185502,Pyrimidine Synthesis Inhibitor,EPC,Leaf,C
N0000185508,Standardized Chemical Allergen,EPC,Leaf,C
N0000186105,alpha-1 Adrenergic Agonist,EPC,Leaf,C
N0000186106,Noncompetitive AMPA Glutamate Receptor Antagonist,EPC,Leaf,C
N0000186775,Diarylquinoline Antimycobacterial,EPC,Leaf,C
N0000186779,Microsomal Triglyceride Transfer Protein Inhibitor,EPC,Leaf,C
N0000187051,Cystine Depleting Agent,EPC,Leaf,C
N0000187053,Radioactive alpha-Particle Emitting Therapeutic Agent,EPC,Leaf,C
N0000187055,RANK Ligand Inhibitor,EPC,Leaf,C
N0000187059,Sodium-Glucose Cotransporter 2 Inhibitor,EPC,Leaf,C
N0000189939,Established Pharmacologic Class (EPC),EPC,Root,C
N0000190119,Growth Hormone Receptor Antagonist,EPC,Leaf,C
N0000190480,Interleukin-6 Receptor Antagonist,EPC,Leaf,C
N0000190483,Phenylalanine Hydroxylase Activator,EPC,Leaf,C
N0000190485,Soluble Guanylate Cyclase Stimulator,EPC,Leaf,C
N0000190851,Antileishmanial,EPC,Leaf,C
N0000190852,Antihypoglycemic Agent,EPC,Leaf,C
N0000190853,Gastrointestinal Motility Inhibitor,EPC,Leaf,C
N0000190854,Leptin Analog,EPC,Leaf,C
N0000190856,Vesicular Monoamine Transporter 2 Inhibitor,EPC,Leaf,C
N0000190858,Janus Kinase Inhibitor,EPC,Leaf,C
N0000190992,GLP-2 Analog,EPC,Leaf,C
N0000190996,Protease-activated Receptor-1 Antagonist,EPC,Leaf,C
N0000191000,Orexin Receptor Antagonist,EPC,Leaf,C
N0000191001,Cytochrome P450 3A Inhibitor,EPC,Leaf,C
N0000191006,Interleukin-6 Antagonist,EPC,Leaf,C
N0000191009,Vascular Endothelial Growth Factor Receptor 2 Antagonist,EPC,Leaf,C
N0000191256,Hepatitis C Virus NS5A Inhibitor,EPC,Leaf,C
N0000191257,Hepatitis C Virus Non-Nucleoside NS5B Palm Polymerase Inhibitor,EPC,Leaf,C
N0000191260,Programmed Death Receptor-1 Blocking Antibody,EPC,Leaf,C
N0000191261,Lipid Emulsion,EPC,Leaf,C
N0000191263,Progesterone Agonist/Antagonist,EPC,Leaf,C
N0000191279,Oxaborole Antifungal,EPC,Leaf,C
N0000191281,Lipoglycopeptide Antibacterial,EPC,Leaf,C
N0000191420,Pyridone,EPC,Leaf,C
N0000191421,Bispecific CD19-directed CD3-directed T Cell Engager,EPC,Leaf,C
N0000191493,Hepatitis C Virus Nucleotide Analog NS5B Polymerase Inhibitor,EPC,Leaf,C
N0000191495,Interleukin-17A Antagonist,EPC,Leaf,C
N0000191500,Glycolipid Disialoganglioside-directed Antibody,EPC,Leaf,C
N0000191544,Hyperpolarization-activated Cyclic Nucleotide-gated Channel Blocker,EPC,Leaf,C
N0000191548,Cytolytic Agent,EPC,Leaf,C
N0000191621,Proteolytic Enzyme,EPC,Leaf,C
N0000191623,Poly(ADP-Ribose) Polymerase Inhibitor,EPC,Leaf,C
N0000191625,Interferon beta,EPC,Leaf,C
N0000191626,Antisense Oligonucleotide,EPC,SubClass,C
N0000191627,Apolipoprotein B-100 Synthesis Inhibitor,EPC,Leaf,C
N0000191728,Neprilysin Inhibitor,EPC,Leaf,C
N0000191731,PCSK9 Inhibitor,EPC,Leaf,C
N0000191809,Pyrimidine Analog,EPC,Leaf,C
N0000191865,Tissue-nonspecific Alkaline Phosphatase,EPC,Leaf,C
N0000191867,mu-Opioid Receptor Agonist,EPC,Leaf,C
N0000191870,Thymidine Phosphorylase Inhibitor,EPC,Leaf,C
N0000191872,Interleukin-5 Antagonist,EPC,Leaf,C
N0000191873,Humanized Monoclonal Antibody Fragment,EPC,Leaf,C
N0000192336,CD38-directed Cytolytic Antibody,EPC,Leaf,C
N0000192338,SLAMF7-directed Immunostimulatory Antibody,EPC,Leaf,C
N0000192339,Prostacyclin Receptor Agonist,EPC,Leaf,C
N0000192341,Urate Transporter 1 Inhibitor,EPC,Leaf,C
N0000192342,Hydrolytic Lysosomal Cholesteryl Ester-specific Enzyme,EPC,Leaf,C
N0000192343,Hydrolytic Lysosomal Triacylglycerol-specific Enzyme,EPC,Leaf,C
N0000192515,BCL-2 Inhibitor,EPC,Leaf,C
N0000192516,Oxidation-Reduction Agent,EPC,Leaf,C
N0000192561,Farnesoid X Receptor Agonist,EPC,Leaf,C
N0000192562,Vasoconstrictor,EPC,Leaf,C
N0000192563,Norepinephrine Releasing Agent,EPC,Leaf,C
N0000192701,Lymphocyte Function-Associated Antigen-1 Antagonist,EPC,Leaf,C
N0000192703,Anthrax Protective Antigen-directed Antibody,EPC,Leaf,C
N0000192750,Plasma Kallikrein Inhibitor,EPC,Leaf,C
N0000192795,Potassium Channel Blocker,EPC,Leaf,C
N0000192797,Interleukin-12 Antagonist,EPC,Leaf,C
N0000192799,Interleukin-23 Antagonist,EPC,Leaf,C
N0000192800,Vitamin B6 Analog,EPC,Leaf,C
N0000192801,Decorporation Agent,EPC,Leaf,C
N0000193181,Vasopressin V2 Receptor Antagonist,EPC,Leaf,C
N0000193220,Aromatic Amino Acid,EPC,Leaf,C
N0000193222,Survival Motor Neuron-2-directed RNA Interaction,EPC,Leaf,C
N0000193223,Fluoroquinolone Antibacterial,EPC,Leaf,C
N0000193276,Interleukin-17 Receptor A Antagonist,EPC,Leaf,C
N0000193303,Tryptophan Hydroxylase Inhibitor,EPC,Leaf,C
N0000193338,Programmed Death Ligand-1 Blocker,EPC,Leaf,C
N0000193342,Interleukin-4 Receptor alpha Antagonist,EPC,Leaf,C
N0000193414,Hydrolytic Lysosomal N-terminal Tripeptidyl Peptidase,EPC,Leaf,C
N0000193453,Parathyroid Hormone-Related Peptide Analog,EPC,Leaf,C
N0000193543,Vascular Endothelial Growth Factor Inhibitor,EPC,Leaf,C
N0000193546,CD19-directed Chimeric Antigen Receptor,EPC,Leaf,C
N0000193549,Genetically-modified Autologous T Cells,EPC,Leaf,C
N0000193615,Isocitrate Dehydrogenase 2 Inhibitor,EPC,Leaf,C
N0000193617,CD22-directed Immunoconjugate,EPC,Leaf,C
N0000193618,Vitamin C,EPC,Leaf,C
N0000193785,Growth Hormone Secretagogue Receptor Agonist,EPC,Leaf,C
N0000193788,Rho Kinase Inhibitor,EPC,Leaf,C
N0000193800,Cytomegalovirus DNA Terminase Complex Inhibitor,EPC,Leaf,C
N0000193803,Interleukin-5 Receptor alpha-directed Cytolytic Antibody,EPC,Leaf,C
N0000193804,Lysosomal beta Glucuronidase,EPC,Leaf,C
N0000193806,CD4-directed Blocking Antibody,EPC,Leaf,C
N0000193808,Human Immunodeficiency Virus 1 Post-attachment Fusion Inhibitor,EPC,Leaf,C
N0000193848,Small Interfering RNA,EPC,Leaf,C
N0000193849,Transthyretin-directed RNA Interaction,EPC,Leaf,C
N0000193852,Polymerase Acidic Endonuclease Inhibitor,EPC,Leaf,C
N0000193854,Recombinant Human Nerve Growth Factor,EPC,Leaf,C
N0000193856,Interferon gamma Blocker,EPC,Leaf,C
N0000193857,Orthopoxvirus VP37 Envelope Wrapping Protein Inhibitor,EPC,Leaf,C
N0000193858,Phenylalanine Metabolizing Enzyme,EPC,Leaf,C
N0000193862,Cytotoxin,EPC,Leaf,C
N0000193863,Monoclonal Antibody,EPC,Leaf,C
N0000193864,CD123 Interaction,EPC,Leaf,C
N0000193866,Chemokine Receptor Type 4 Interaction,EPC,Leaf,C
N0000193871,Serotonin-4 Receptor Agonist,EPC,Leaf,C
N0000193872,Antibody or Antibody Fragment,EPC,SubClass,C
N0000193873,Diuretic,EPC,SubClass,C
N0000193874,Hormone,EPC,SubClass,C
N0000193875,Imaging Agent,EPC,SubClass,C
N0000193877,Vitamin or Mineral,EPC,SubClass,C
N0000193878,Anesthetic,EPC,SubClass,C
N0000193879,Anti-infective,EPC,SubClass,C
N0000193880,Antibacterial,EPC,SubClass,C
N0000193881,Antifungal,EPC,SubClass,C
N0000193882,Antimicrobial,EPC,SubClass,C
N0000193883,Antiviral,EPC,SubClass,C
N0000193884,Enzyme,EPC,SubClass,C
N0000193885,Growth Factor,EPC,SubClass,C
N0000193886,Receptor Agonist,EPC,SubClass,C
N0000193887,Receptor Antagonist,EPC,SubClass,C
N0000193888,Receptor Interaction,EPC,SubClass,C
N0000193889,Allergen,EPC,SubClass,C
N0000193890,Allergenic Extract,EPC,SubClass,C
N0000193891,Blood Glucose Regulator,EPC,SubClass,C
N0000193892,Calcium Channel Agent,EPC,SubClass,C
N0000193893,Cardiovascular Agent,EPC,SubClass,C
N0000193894,Chemical Structure,EPC,SubClass,C
N0000193895,Diagnostic Agent,EPC,SubClass,C
N0000193896,Enzyme Activator,EPC,SubClass,C
N0000193897,Enzyme Inhibitor,EPC,SubClass,C
N0000193898,Enzyme Interaction,EPC,SubClass,C
N0000193899,Epidermal and Animal Specific Allergenic Extract,EPC,SubClass,C
N0000193900,Gastrointestinal Agent,EPC,SubClass,C
N0000193901,Hematology Agent,EPC,SubClass,C
N0000193902,Immunologic Agent,EPC,SubClass,C
N0000193903,Interleukin Agent,EPC,SubClass,C
N0000193904,Ion Channel or Pump Agent,EPC,SubClass,C
N0000193905,Nervous System Agent,EPC,SubClass,C
N0000193906,Nucleic Acid Related Agent,EPC,SubClass,C
N0000193907,Nucleic Acid Synthesis Inhibitor,EPC,SubClass,C
N0000193908,Physical or Chemical Agent,EPC,SubClass,C
N0000193909,Respiratory Agent,EPC,SubClass,C
N0000193910,Sympathomimetic Agent,EPC,SubClass,C
N0000193911,Tubulin Agent,EPC,SubClass,C
N0000193912,Vaccine,EPC,SubClass,C
N0000193913,Adenosine Triphosphate-Citrate Lyase Inhibitor,EPC,Leaf,C
N0000193915,Angiopoietin-like 3 Inhibitor,EPC,Leaf,C
N0000193917,Calcitonin Gene-related Peptide Receptor Antagonist,EPC,Leaf,C
N0000193919,Cyclic Pyranopterin Monophosphate,EPC,Leaf,C
N0000193926,Insulin-like Growth Factor-1 Receptor Inhibitor,EPC,Leaf,C
N0000193930,Methyltransferase Inhibitor,EPC,Leaf,C
N0000193935,Cortisol Synthesis Inhibitor,EPC,Leaf,C
N0000193938,Farnesyltransferase Inhibitor,EPC,Leaf,C
N0000193940,Melanocortin 4 Receptor Agonist,EPC,Leaf,C
N0000193946,RNA Polymerase Inhibitor,EPC,SubClass,C
N0000193948,SARS-CoV-2 Nucleotide Analog RNA Polymerase Inhibitor,EPC,Leaf,C
N0000193949,Alkaloid,EPC,SubClass,C
N0000193951,Amyloid Beta-directed Antibody,EPC,Leaf,C
N0000193952,Calcitonin Gene-related Peptide Antagonist,EPC,Leaf,C
N0000193956,Expectorant,EPC,Leaf,C
N0000193957,Ileal Bile Acid Transporter Inhibitor,EPC,Leaf,C
N0000193962,Neuromuscular Blocker,EPC,SubClass,C
N0000193963,Pharmacologic Cardiac Stress Test Agent,EPC,Leaf,C
N0000193966,Triterpenoid Antifungal,EPC,Leaf,C
N0000193967,Type I interferon Receptor Antagonist,EPC,Leaf,C
N0000193969,Mineralocorticoid Receptor Antagonist,EPC,SubClass,C
N0000193970,Nonsteroidal Mineralocorticoid-Receptor Antagonist,EPC,Leaf,C
N0000193971,Autologous Hematopoietic Stem-Cell-Based Gene Therapy,EPC,Leaf,C
N0000193973,Complement 5a Receptor Antagonist,EPC,Leaf,C
N0000193976,Cytomegalovirus pUL97 Kinase Inhibitor,EPC,Leaf,C
