classId,rxcui,name,tty,SourceId,SourceName,Relation
N0000178293,10109,streptomycin,IN,10109,streptomycin,INDIRECT
N0000178293,10110,streptomycin sulfate,PIN,10110,streptomycin sulfate,INDIRECT
N0000178293,101299,amphotericin B colloidal dispersion,PIN,101299,amphotericin B colloidal dispersion,INDIRECT
N0000178293,10169,sulfacetamide,IN,10169,sulfacetamide,INDIRECT
N0000178293,10171,sulfadiazine,IN,10171,sulfadiazine,INDIRECT
N0000178293,10180,sulfamethoxazole,IN,10180,sulfamethoxazole,INDIRECT
N0000178293,10207,sulfisoxazole,IN,10207,sulfisoxazole,INDIRECT
N0000178293,10208,sulfisoxazole diolamine,PIN,10208,sulfisoxazole diolamine,INDIRECT
N0000178293,10349,sodium pertechnetate Tc 99m,PIN,10349,sodium pertechnetate Tc 99m,INDIRECT
N0000178293,10395,tetracycline,IN,10395,tetracycline,INDIRECT
N0000178293,1040005,ceftaroline,IN,1040005,ceftaroline,INDIRECT
N0000178293,1040028,lurasidone,IN,1040028,lurasidone,INDIRECT
N0000178293,10450,thiabendazole,IN,10450,thiabendazole,INDIRECT
N0000178293,10510,thiothixene,IN,10510,thiothixene,INDIRECT
N0000178293,10591,ticarcillin,IN,10591,ticarcillin,INDIRECT
N0000178293,10612,tinidazole,IN,10612,tinidazole,INDIRECT
N0000178293,10627,tobramycin,IN,10627,tobramycin,INDIRECT
N0000178293,10803,trifluridine,IN,10803,trifluridine,INDIRECT
N0000178293,10827,trimethadione,IN,10827,trimethadione,INDIRECT
N0000178293,10829,trimethoprim,IN,10829,trimethoprim,INDIRECT
N0000178293,10834,trimipramine,IN,10834,trimipramine,INDIRECT
N0000178293,1101333,gabapentin enacarbil,PIN,1101333,gabapentin enacarbil,INDIRECT
N0000178293,1111103,fidaxomicin,IN,1111103,fidaxomicin,INDIRECT
N0000178293,11118,valproic acid,PIN,11118,valproic acid,INDIRECT
N0000178293,11124,vancomycin,IN,11124,vancomycin,INDIRECT
N0000178293,114477,levetiracetam,IN,114477,levetiracetam,INDIRECT
N0000178293,115698,ziprasidone,IN,115698,ziprasidone,INDIRECT
N0000178293,119771,doripenem,IN,119771,doripenem,INDIRECT
N0000178293,121243,voriconazole,IN,121243,voriconazole,INDIRECT
N0000178293,1272,aztreonam,IN,1272,aztreonam,INDIRECT
N0000178293,1294533,ziprasidone hydrochloride,PIN,1294533,ziprasidone hydrochloride,INDIRECT
N0000178293,1297879,ceftibuten dihydrate,PIN,1297879,ceftibuten dihydrate,INDIRECT
N0000178293,133008,amoxicillin trihydrate,PIN,133008,amoxicillin trihydrate,INDIRECT
N0000178293,1362737,fluorodeoxyglucose F18,IN,1362737,fluorodeoxyglucose F18,INDIRECT
N0000178293,1364449,crofelemer,IN,1364449,crofelemer,INDIRECT
N0000178293,1364504,bedaquiline,IN,1364504,bedaquiline,INDIRECT
N0000178293,138099,gemifloxacin,IN,138099,gemifloxacin,INDIRECT
N0000178293,139462,moxifloxacin,IN,139462,moxifloxacin,INDIRECT
N0000178293,140108,caspofungin,IN,140108,caspofungin,INDIRECT
N0000178293,142138,mexiletine hydrochloride,PIN,142138,mexiletine hydrochloride,INDIRECT
N0000178293,142434,econazole nitrate,PIN,142434,econazole nitrate,INDIRECT
N0000178293,142435,ethambutol hydrochloride,PIN,142435,ethambutol hydrochloride,INDIRECT
N0000178293,142440,lidocaine hydrochloride,PIN,142440,lidocaine hydrochloride,INDIRECT
N0000178293,142446,tetracycline hydrochloride,PIN,142446,tetracycline hydrochloride,INDIRECT
N0000178293,142447,ticarcillin disodium,PIN,142447,ticarcillin disodium,INDIRECT
N0000178293,1426,benzyl alcohol,IN,1426,benzyl alcohol,INDIRECT
N0000178293,1426874,ioflupane I-123,PIN,1426874,ioflupane I-123,INDIRECT
N0000178293,1427224,florbetapir F-18,PIN,1427224,florbetapir F-18,INDIRECT
N0000178293,1482680,luliconazole,IN,1482680,luliconazole,INDIRECT
N0000178293,1482913,technetium Tc 99m sestamibi,PIN,1482913,technetium Tc 99m sestamibi,INDIRECT
N0000178293,1484911,sofosbuvir,IN,1484911,sofosbuvir,INDIRECT
N0000178293,14851,vigabatrin,IN,14851,vigabatrin,INDIRECT
N0000178293,1494066,miltefosine,IN,1494066,miltefosine,INDIRECT
N0000178293,150816,imipramine hydrochloride,PIN,150816,imipramine hydrochloride,INDIRECT
N0000178293,15226,fomepizole,IN,15226,fomepizole,INDIRECT
N0000178293,1539239,dalbavancin,IN,1539239,dalbavancin,INDIRECT
N0000178293,153972,hydroxychloroquine sulfate,PIN,153972,hydroxychloroquine sulfate,INDIRECT
N0000178293,1539753,efinaconazole,IN,1539753,efinaconazole,INDIRECT
N0000178293,1540824,tedizolid phosphate,PIN,1540824,tedizolid phosphate,INDIRECT
N0000178293,1540825,tedizolid,IN,1540825,tedizolid,INDIRECT
N0000178293,1543173,tavaborole,IN,1543173,tavaborole,INDIRECT
N0000178293,1547611,oritavancin,IN,1547611,oritavancin,INDIRECT
N0000178293,1549827,oritavancin diphosphate,PIN,1549827,oritavancin diphosphate,INDIRECT
N0000178293,155056,procainamide hydrochloride,PIN,155056,procainamide hydrochloride,INDIRECT
N0000178293,1591922,ledipasvir,IN,1591922,ledipasvir,INDIRECT
N0000178293,1596450,gentamicin,IN,1596450,gentamicin,INDIRECT
N0000178293,1597371,ombitasvir,IN,1597371,ombitasvir,INDIRECT
N0000178293,1597381,dasabuvir,IN,1597381,dasabuvir,INDIRECT
N0000178293,1597608,ceftolozane sulfate,PIN,1597608,ceftolozane sulfate,INDIRECT
N0000178293,1597609,ceftolozane,IN,1597609,ceftolozane,INDIRECT
N0000178293,1606218,daclatasvir,IN,1606218,daclatasvir,INDIRECT
N0000178293,1658314,brexpiprazole,IN,1658314,brexpiprazole,INDIRECT
N0000178293,1667655,cariprazine,IN,1667655,cariprazine,INDIRECT
N0000178293,1673265,aripiprazole lauroxil,IN,1673265,aripiprazole lauroxil,INDIRECT
N0000178293,1734628,elbasvir,IN,1734628,elbasvir,INDIRECT
N0000178293,1791685,pimavanserin,IN,1791685,pimavanserin,INDIRECT
N0000178293,1799206,velpatasvir,IN,1799206,velpatasvir,INDIRECT
N0000178293,18343,artemether,IN,18343,artemether,INDIRECT
N0000178293,18631,azithromycin,IN,18631,azithromycin,INDIRECT
N0000178293,1870193,gentamicin sulfate,PIN,1870193,gentamicin sulfate,INDIRECT
N0000178293,18993,benzonatate,IN,18993,benzonatate,INDIRECT
N0000178293,190376,linezolid,IN,190376,linezolid,INDIRECT
N0000178293,1927663,delafloxacin,IN,1927663,delafloxacin,INDIRECT
N0000178293,1940636,pibrentasvir,IN,1940636,pibrentasvir,INDIRECT
N0000178293,19552,cefprozil,IN,19552,cefprozil,INDIRECT
N0000178293,197,acetylcysteine,IN,197,acetylcysteine,INDIRECT
N0000178293,1987,capreomycin sulfate,PIN,1987,capreomycin sulfate,INDIRECT
N0000178293,19884,butoconazole,IN,19884,butoconazole,INDIRECT
N0000178293,2002,carbamazepine,IN,2002,carbamazepine,INDIRECT
N0000178293,2015,carbenicillin,IN,2015,carbenicillin,INDIRECT
N0000178293,203114,amiodarone hydrochloride,PIN,203114,amiodarone hydrochloride,INDIRECT
N0000178293,203115,ampicillin trihydrate,PIN,203115,ampicillin trihydrate,INDIRECT
N0000178293,203117,cefotaxime sodium,PIN,203117,cefotaxime sodium,INDIRECT
N0000178293,203118,cefoxitin sodium,PIN,203118,cefoxitin sodium,INDIRECT
N0000178293,203130,nortriptyline hydrochloride,PIN,203130,nortriptyline hydrochloride,INDIRECT
N0000178293,203133,penicillin G potassium,PIN,203133,penicillin G potassium,INDIRECT
N0000178293,203134,piperacillin sodium,PIN,203134,piperacillin sodium,INDIRECT
N0000178293,203135,propafenone hydrochloride,PIN,203135,propafenone hydrochloride,INDIRECT
N0000178293,203141,cefotetan disodium,PIN,203141,cefotetan disodium,INDIRECT
N0000178293,203168,amitriptyline hydrochloride,PIN,203168,amitriptyline hydrochloride,INDIRECT
N0000178293,203171,cefazolin sodium,PIN,203171,cefazolin sodium,INDIRECT
N0000178293,203172,ceftriaxone sodium,PIN,203172,ceftriaxone sodium,INDIRECT
N0000178293,203174,desipramine hydrochloride,PIN,203174,desipramine hydrochloride,INDIRECT
N0000178293,203178,disopyramide phosphate,PIN,203178,disopyramide phosphate,INDIRECT
N0000178293,203179,doxepin hydrochloride,PIN,203179,doxepin hydrochloride,INDIRECT
N0000178293,203183,kanamycin sulfate,PIN,203183,kanamycin sulfate,INDIRECT
N0000178293,203193,netilmicin sulfate,PIN,203193,netilmicin sulfate,INDIRECT
N0000178293,203195,penicillin V potassium,PIN,203195,penicillin V potassium,INDIRECT
N0000178293,203199,protriptyline hydrochloride,PIN,203199,protriptyline hydrochloride,INDIRECT
N0000178293,204144,cefuroxime sodium,PIN,204144,cefuroxime sodium,INDIRECT
N0000178293,204175,cefadroxil monohydrate,PIN,204175,cefadroxil monohydrate,INDIRECT
N0000178293,20481,cefepime,IN,20481,cefepime,INDIRECT
N0000178293,20492,ceftibuten,IN,20492,ceftibuten,INDIRECT
N0000178293,20493,cefuroxime axetil,PIN,20493,cefuroxime axetil,INDIRECT
N0000178293,20767,chloramphenicol palmitate,PIN,20767,chloramphenicol palmitate,INDIRECT
N0000178293,20863,chloroquine phosphate,PIN,20863,chloroquine phosphate,INDIRECT
N0000178293,21212,clarithromycin,IN,21212,clarithromycin,INDIRECT
N0000178293,215948,cephalexin monohydrate,PIN,215948,cephalexin monohydrate,INDIRECT
N0000178293,217483,haloperidol lactate,PIN,217483,haloperidol lactate,INDIRECT
N0000178293,2176,cefaclor,IN,2176,cefaclor,INDIRECT
N0000178293,2177,cefadroxil,IN,2177,cefadroxil,INDIRECT
N0000178293,2180,cefazolin,IN,2180,cefazolin,INDIRECT
N0000178293,2184,cefoperazone,IN,2184,cefoperazone,INDIRECT
N0000178293,2186,cefotaxime,IN,2186,cefotaxime,INDIRECT
N0000178293,2187,cefotetan,IN,2187,cefotetan,INDIRECT
N0000178293,2189,cefoxitin,IN,2189,cefoxitin,INDIRECT
N0000178293,2191,ceftazidime,IN,2191,ceftazidime,INDIRECT
N0000178293,2192,ceftizoxime,IN,2192,ceftizoxime,INDIRECT
N0000178293,2193,ceftriaxone,IN,2193,ceftriaxone,INDIRECT
N0000178293,2194,cefuroxime,IN,2194,cefuroxime,INDIRECT
N0000178293,221126,moricizine hydrochloride,PIN,221126,moricizine hydrochloride,INDIRECT
N0000178293,221128,mupirocin calcium,PIN,221128,mupirocin calcium,INDIRECT
N0000178293,221153,quetiapine fumarate,PIN,221153,quetiapine fumarate,INDIRECT
N0000178293,221176,trimethoprim sulfate,PIN,221176,trimethoprim sulfate,INDIRECT
N0000178293,22299,daptomycin,IN,22299,daptomycin,INDIRECT
N0000178293,2231,cephalexin,IN,2231,cephalexin,INDIRECT
N0000178293,2239,cephradine,IN,2239,cephradine,INDIRECT
N0000178293,227214,cefoperazone sodium,PIN,227214,cefoperazone sodium,INDIRECT
N0000178293,228476,gatifloxacin,IN,228476,gatifloxacin,INDIRECT
N0000178293,228750,moxifloxacin hydrochloride,PIN,228750,moxifloxacin hydrochloride,INDIRECT
N0000178293,229367,quinupristin,IN,229367,quinupristin,INDIRECT
N0000178293,229369,dalfopristin,IN,229369,dalfopristin,INDIRECT
N0000178293,23024,difenoxin,IN,23024,difenoxin,INDIRECT
N0000178293,233698,dronedarone,IN,233698,dronedarone,INDIRECT
N0000178293,23370,diphenidol,IN,23370,diphenidol,INDIRECT
N0000178293,2348,chloramphenicol,IN,2348,chloramphenicol,INDIRECT
N0000178293,235373,difenoxin hydrochloride,PIN,235373,difenoxin hydrochloride,INDIRECT
N0000178293,235559,"nitrofurantoin, macrocrystals",PIN,235559,"nitrofurantoin, macrocrystals",INDIRECT
N0000178293,235838,terbinafine hydrochloride,PIN,235838,terbinafine hydrochloride,INDIRECT
N0000178293,236058,cefepime hydrochloride,PIN,236058,cefepime hydrochloride,INDIRECT
N0000178293,236302,hydroxocobalamin acetate,PIN,236302,hydroxocobalamin acetate,INDIRECT
N0000178293,236558,butenafine hydrochloride,PIN,236558,butenafine hydrochloride,INDIRECT
N0000178293,236594,amphotericin B liposomal,PIN,236594,amphotericin B liposomal,INDIRECT
N0000178293,236875,tiagabine hydrochloride,PIN,236875,tiagabine hydrochloride,INDIRECT
N0000178293,2382,proguanil,IN,2382,proguanil,INDIRECT
N0000178293,2393,chloroquine,IN,2393,chloroquine,INDIRECT
N0000178293,24346,erythromycin gluceptate,PIN,24346,erythromycin gluceptate,INDIRECT
N0000178293,24347,erythromycin lactobionate,PIN,24347,erythromycin lactobionate,INDIRECT
N0000178293,24351,erythromycin stearate,PIN,24351,erythromycin stearate,INDIRECT
N0000178293,24812,felbamate,IN,24812,felbamate,INDIRECT
N0000178293,25033,cefixime,IN,25033,cefixime,INDIRECT
N0000178293,25037,cefdinir,IN,25037,cefdinir,INDIRECT
N0000178293,25138,fluorescein,IN,25138,fluorescein,INDIRECT
N0000178293,253155,azithromycin dihydrate,PIN,253155,azithromycin dihydrate,INDIRECT
N0000178293,25480,gabapentin,IN,25480,gabapentin,INDIRECT
N0000178293,2551,ciprofloxacin,IN,2551,ciprofloxacin,INDIRECT
N0000178293,2582,clindamycin,IN,2582,clindamycin,INDIRECT
N0000178293,258332,carbenicillin disodium,PIN,258332,carbenicillin disodium,INDIRECT
N0000178293,2592,clofazimine,IN,2592,clofazimine,INDIRECT
N0000178293,259268,indium In-111 pentetate disodium,PIN,259268,indium In-111 pentetate disodium,INDIRECT
N0000178293,259282,xenon-133,PIN,259282,xenon-133,INDIRECT
N0000178293,2597,clomipramine,IN,2597,clomipramine,INDIRECT
N0000178293,2623,clotrimazole,IN,2623,clotrimazole,INDIRECT
N0000178293,2626,clozapine,IN,2626,clozapine,INDIRECT
N0000178293,26420,haloperidol decanoate,PIN,26420,haloperidol decanoate,INDIRECT
N0000178293,266856,divalproex sodium,PIN,266856,divalproex sodium,INDIRECT
N0000178293,267257,dicloxacillin sodium,PIN,267257,dicloxacillin sodium,INDIRECT
N0000178293,2708,colistimethate,PIN,2708,colistimethate,INDIRECT
N0000178293,27169,leflunomide,IN,27169,leflunomide,INDIRECT
N0000178293,272758,gallium 67 citrate,PIN,272758,gallium 67 citrate,INDIRECT
N0000178293,274786,telithromycin,IN,274786,telithromycin,INDIRECT
N0000178293,28031,itraconazole,IN,28031,itraconazole,INDIRECT
N0000178293,281942,cephalexin hydrochloride,PIN,281942,cephalexin hydrochloride,INDIRECT
N0000178293,282363,caspofungin acetate,PIN,282363,caspofungin acetate,INDIRECT
N0000178293,282446,posaconazole,IN,282446,posaconazole,INDIRECT
N0000178293,28439,lamotrigine,IN,28439,lamotrigine,INDIRECT
N0000178293,28981,loracarbef,IN,28981,loracarbef,INDIRECT
N0000178293,29561,meropenem,IN,29561,meropenem,INDIRECT
N0000178293,299081,spinosad,IN,299081,spinosad,INDIRECT
N0000178293,314299,"albumin,chromated Cr-51 serum",IN,314299,"albumin,chromated Cr-51 serum",INDIRECT
N0000178293,31476,naftifine,IN,31476,naftifine,INDIRECT
N0000178293,3154,demeclocycline,IN,3154,demeclocycline,INDIRECT
N0000178293,317177,"albumin,iodinated I-125 serum",IN,317177,"albumin,iodinated I-125 serum",INDIRECT
N0000178293,31819,nitazoxanide,IN,31819,nitazoxanide,INDIRECT
N0000178293,31914,tiagabine,IN,31914,tiagabine,INDIRECT
N0000178293,3247,desipramine,IN,3247,desipramine,INDIRECT
N0000178293,325642,ertapenem,IN,325642,ertapenem,INDIRECT
N0000178293,325887,micafungin,IN,325887,micafungin,INDIRECT
N0000178293,32624,oxcarbazepine,IN,32624,oxcarbazepine,INDIRECT
N0000178293,32638,oxiconazole,IN,32638,oxiconazole,INDIRECT
N0000178293,3356,dicloxacillin,IN,3356,dicloxacillin,INDIRECT
N0000178293,341018,anidulafungin,IN,341018,anidulafungin,INDIRECT
N0000178293,3500,diphenoxylate,IN,3500,diphenoxylate,INDIRECT
N0000178293,35220,quinidine gluconate,PIN,35220,quinidine gluconate,INDIRECT
N0000178293,353116,ziprasidone mesylate,PIN,353116,ziprasidone mesylate,INDIRECT
N0000178293,3541,disopyramide,IN,3541,disopyramide,INDIRECT
N0000178293,35617,rifapentine,IN,35617,rifapentine,INDIRECT
N0000178293,35619,rifaximin,IN,35619,rifaximin,INDIRECT
N0000178293,35636,risperidone,IN,35636,risperidone,INDIRECT
N0000178293,35829,ranolazine,IN,35829,ranolazine,INDIRECT
N0000178293,3638,doxepin,IN,3638,doxepin,INDIRECT
N0000178293,36435,sertaconazole,IN,36435,sertaconazole,INDIRECT
N0000178293,37319,sulconazole,IN,37319,sulconazole,INDIRECT
N0000178293,3743,econazole,IN,3743,econazole,INDIRECT
N0000178293,37665,technetium Tc 99m disofenin,PIN,37665,technetium Tc 99m disofenin,INDIRECT
N0000178293,37801,terbinafine,IN,37801,terbinafine,INDIRECT
N0000178293,37806,terconazole,IN,37806,terconazole,INDIRECT
N0000178293,38298,tioconazole,IN,38298,tioconazole,INDIRECT
N0000178293,38404,topiramate,IN,38404,topiramate,INDIRECT
N0000178293,384455,tigecycline,IN,384455,tigecycline,INDIRECT
N0000178293,38685,trimethobenzamide,IN,38685,trimethobenzamide,INDIRECT
N0000178293,388,polymyxin B sulfate,PIN,388,polymyxin B sulfate,INDIRECT
N0000178293,39998,zonisamide,IN,39998,zonisamide,INDIRECT
N0000178293,40169,moricizine,IN,40169,moricizine,INDIRECT
N0000178293,402429,gemifloxacin mesylate,PIN,402429,gemifloxacin mesylate,INDIRECT
N0000178293,4053,erythromycin,IN,4053,erythromycin,INDIRECT
N0000178293,4055,erythromycin estolate,PIN,4055,erythromycin estolate,INDIRECT
N0000178293,4056,erythromycin ethylsuccinate,PIN,4056,erythromycin ethylsuccinate,INDIRECT
N0000178293,40595,acetyl sulfisoxazole,PIN,40595,acetyl sulfisoxazole,INDIRECT
N0000178293,4110,ethambutol,IN,4110,ethambutol,INDIRECT
N0000178293,4127,ethionamide,IN,4127,ethionamide,INDIRECT
N0000178293,41289,ibutilide,IN,41289,ibutilide,INDIRECT
N0000178293,4135,ethosuximide,IN,4135,ethosuximide,INDIRECT
N0000178293,4136,ethotoin,IN,4136,ethotoin,INDIRECT
N0000178293,41875,quinidine polygalacturonate,PIN,41875,quinidine polygalacturonate,INDIRECT
N0000178293,42372,mupirocin,IN,42372,mupirocin,INDIRECT
N0000178293,42686,flecainide acetate,PIN,42686,flecainide acetate,INDIRECT
N0000178293,42790,miconazole nitrate,PIN,42790,miconazole nitrate,INDIRECT
N0000178293,430,albendazole,IN,430,albendazole,INDIRECT
N0000178293,4441,flecainide,IN,4441,flecainide,INDIRECT
N0000178293,4450,fluconazole,IN,4450,fluconazole,INDIRECT
N0000178293,4451,flucytosine,IN,4451,flucytosine,INDIRECT
N0000178293,451796,chloroquine hydrochloride,PIN,451796,chloroquine hydrochloride,INDIRECT
N0000178293,4678,ganciclovir,IN,4678,ganciclovir,INDIRECT
N0000178293,473837,telavancin,IN,473837,telavancin,INDIRECT
N0000178293,47461,butenafine,IN,47461,butenafine,INDIRECT
N0000178293,47464,butoconazole nitrate,PIN,47464,butoconazole nitrate,INDIRECT
N0000178293,4780,oxytetracycline hydrochloride,PIN,4780,oxytetracycline hydrochloride,INDIRECT
N0000178293,47858,methsuximide,IN,47858,methsuximide,INDIRECT
N0000178293,47877,diphenidol hydrochloride,PIN,47877,diphenidol hydrochloride,INDIRECT
N0000178293,47998,chloramphenicol sodium succinate,PIN,47998,chloramphenicol sodium succinate,INDIRECT
N0000178293,48305,colistimethate sodium,PIN,48305,colistimethate sodium,INDIRECT
N0000178293,485026,nafcillin sodium monohydrate,PIN,485026,nafcillin sodium monohydrate,INDIRECT
N0000178293,49247,dofetilide,IN,49247,dofetilide,INDIRECT
N0000178293,50749,halofantrine,IN,50749,halofantrine,INDIRECT
N0000178293,5093,haloperidol,IN,5093,haloperidol,INDIRECT
N0000178293,51256,ibutilide fumarate,PIN,51256,ibutilide fumarate,INDIRECT
N0000178293,51272,quetiapine,IN,51272,quetiapine,INDIRECT
N0000178293,5293,hexachlorophene,IN,5293,hexachlorophene,INDIRECT
N0000178293,5514,hydroxocobalamin,IN,5514,hydroxocobalamin,INDIRECT
N0000178293,5521,hydroxychloroquine,IN,5521,hydroxychloroquine,INDIRECT
N0000178293,55672,rifabutin,IN,55672,rifabutin,INDIRECT
N0000178293,56461,carbenicillin indanyl sodium,PIN,56461,carbenicillin indanyl sodium,INDIRECT
N0000178293,5653,idoxuridine,IN,5653,idoxuridine,INDIRECT
N0000178293,56798,sulconazole nitrate,PIN,56798,sulconazole nitrate,INDIRECT
N0000178293,569,eflornithine,IN,569,eflornithine,INDIRECT
N0000178293,5690,imipenem,IN,5690,imipenem,INDIRECT
N0000178293,5691,imipramine,IN,5691,imipramine,INDIRECT
N0000178293,57227,trimethobenzamide hydrochloride,PIN,57227,trimethobenzamide hydrochloride,INDIRECT
N0000178293,5775,indocyanine green,IN,5775,indocyanine green,INDIRECT
N0000178293,57789,fluorescein sodium,PIN,57789,fluorescein sodium,INDIRECT
N0000178293,58130,halofantrine hydrochloride,PIN,58130,halofantrine hydrochloride,INDIRECT
N0000178293,60212,atovaquone,IN,60212,atovaquone,INDIRECT
N0000178293,6038,isoniazid,IN,6038,isoniazid,INDIRECT
N0000178293,6069,ivermectin,IN,6069,ivermectin,INDIRECT
N0000178293,6099,kanamycin,IN,6099,kanamycin,INDIRECT
N0000178293,6135,ketoconazole,IN,6135,ketoconazole,INDIRECT
N0000178293,61381,olanzapine,IN,61381,olanzapine,INDIRECT
N0000178293,623400,lacosamide,IN,623400,lacosamide,INDIRECT
N0000178293,6387,lidocaine,IN,6387,lidocaine,INDIRECT
N0000178293,641,amikacin,IN,641,amikacin,INDIRECT
N0000178293,642274,retapamulin,IN,642274,retapamulin,INDIRECT
N0000178293,643,amikacin sulfate,PIN,643,amikacin sulfate,INDIRECT
N0000178293,6572,mafenide,IN,6572,mafenide,INDIRECT
N0000178293,6573,mafenide acetate,PIN,6573,mafenide acetate,INDIRECT
N0000178293,6672,mebendazole,IN,6672,mebendazole,INDIRECT
N0000178293,6676,meclizine,IN,6676,meclizine,INDIRECT
N0000178293,66912,paromomycin sulfate,PIN,66912,paromomycin sulfate,INDIRECT
N0000178293,6694,mefloquine,IN,6694,mefloquine,INDIRECT
N0000178293,66955,vancomycin hydrochloride,PIN,66955,vancomycin hydrochloride,INDIRECT
N0000178293,6757,mephenytoin,IN,6757,mephenytoin,INDIRECT
N0000178293,679314,paliperidone,IN,679314,paliperidone,INDIRECT
N0000178293,6922,metronidazole,IN,6922,metronidazole,INDIRECT
N0000178293,6926,mexiletine,IN,6926,mexiletine,INDIRECT
N0000178293,6932,miconazole,IN,6932,miconazole,INDIRECT
N0000178293,7008,sotalol hydrochloride,PIN,7008,sotalol hydrochloride,INDIRECT
N0000178293,7019,molindone,IN,7019,molindone,INDIRECT
N0000178293,703,amiodarone,IN,703,amiodarone,INDIRECT
N0000178293,704,amitriptyline,IN,704,amitriptyline,INDIRECT
N0000178293,71227,phenytoin sodium,PIN,71227,phenytoin sodium,INDIRECT
N0000178293,71532,trimipramine maleate,PIN,71532,trimipramine maleate,INDIRECT
N0000178293,722,amoxapine,IN,722,amoxapine,INDIRECT
N0000178293,72236,fosphenytoin,IN,72236,fosphenytoin,INDIRECT
N0000178293,723,amoxicillin,IN,723,amoxicillin,INDIRECT
N0000178293,7233,nafcillin,IN,7233,nafcillin,INDIRECT
N0000178293,72611,cefditoren pivoxil,PIN,72611,cefditoren pivoxil,INDIRECT
N0000178293,7268,natamycin,IN,7268,natamycin,INDIRECT
N0000178293,7276,tobramycin sulfate,PIN,7276,tobramycin sulfate,INDIRECT
N0000178293,7299,neomycin,IN,7299,neomycin,INDIRECT
N0000178293,7300,neomycin sulfate,PIN,7300,neomycin sulfate,INDIRECT
N0000178293,73178,iloperidone,IN,73178,iloperidone,INDIRECT
N0000178293,732,amphotericin B,IN,732,amphotericin B,INDIRECT
N0000178293,733,ampicillin,IN,733,ampicillin,INDIRECT
N0000178293,7337,netilmicin,IN,7337,netilmicin,INDIRECT
N0000178293,7454,nitrofurantoin,IN,7454,nitrofurantoin,INDIRECT
N0000178293,7517,norfloxacin,IN,7517,norfloxacin,INDIRECT
N0000178293,7531,nortriptyline,IN,7531,nortriptyline,INDIRECT
N0000178293,7597,nystatin,IN,7597,nystatin,INDIRECT
N0000178293,7623,ofloxacin,IN,7623,ofloxacin,INDIRECT
N0000178293,7773,oxacillin,IN,7773,oxacillin,INDIRECT
N0000178293,7778,oxamniquine,IN,7778,oxamniquine,INDIRECT
N0000178293,7821,oxytetracycline,IN,7821,oxytetracycline,INDIRECT
N0000178293,784649,asenapine,IN,784649,asenapine,INDIRECT
N0000178293,78903,capreomycin,IN,78903,capreomycin,INDIRECT
N0000178293,7934,paromomycin,IN,7934,paromomycin,INDIRECT
N0000178293,797272,clindamycin phosphate,PIN,797272,clindamycin phosphate,INDIRECT
N0000178293,7975,penicillamine,IN,7975,penicillamine,INDIRECT
N0000178293,7980,penicillin G,IN,7980,penicillin G,INDIRECT
N0000178293,7982,penicillin G benzathine,PIN,7982,penicillin G benzathine,INDIRECT
N0000178293,7983,penicillin G procaine,PIN,7983,penicillin G procaine,INDIRECT
N0000178293,7994,pentamidine,IN,7994,pentamidine,INDIRECT
N0000178293,7995,pentamidine isethionate,PIN,7995,pentamidine isethionate,INDIRECT
N0000178293,8183,phenytoin,IN,8183,phenytoin,INDIRECT
N0000178293,81945,eflornithine hydrochloride,PIN,81945,eflornithine hydrochloride,INDIRECT
N0000178293,81953,ampicillin sodium,PIN,81953,ampicillin sodium,INDIRECT
N0000178293,81981,ciprofloxacin hydrochloride,PIN,81981,ciprofloxacin hydrochloride,INDIRECT
N0000178293,81982,clindamycin hydrochloride,PIN,81982,clindamycin hydrochloride,INDIRECT
N0000178293,81984,clomipramine hydrochloride,PIN,81984,clomipramine hydrochloride,INDIRECT
N0000178293,819911,besifloxacin,IN,819911,besifloxacin,INDIRECT
N0000178293,81993,demeclocycline hydrochloride,PIN,81993,demeclocycline hydrochloride,INDIRECT
N0000178293,82005,diphenoxylate hydrochloride,PIN,82005,diphenoxylate hydrochloride,INDIRECT
N0000178293,82041,meclizine hydrochloride,PIN,82041,meclizine hydrochloride,INDIRECT
N0000178293,82047,metronidazole hydrochloride,PIN,82047,metronidazole hydrochloride,INDIRECT
N0000178293,82051,molindone hydrochloride,PIN,82051,molindone hydrochloride,INDIRECT
N0000178293,82065,oxytetracycline calcium,PIN,82065,oxytetracycline calcium,INDIRECT
N0000178293,82101,sulfacetamide sodium,PIN,82101,sulfacetamide sodium,INDIRECT
N0000178293,82122,levofloxacin,IN,82122,levofloxacin,INDIRECT
N0000178293,82126,ceftizoxime sodium,PIN,82126,ceftizoxime sodium,INDIRECT
N0000178293,82130,mefloquine hydrochloride,PIN,82130,mefloquine hydrochloride,INDIRECT
N0000178293,82131,ganciclovir sodium,PIN,82131,ganciclovir sodium,INDIRECT
N0000178293,82806,fosphenytoin sodium,PIN,82806,fosphenytoin sodium,INDIRECT
N0000178293,8331,pimozide,IN,8331,pimozide,INDIRECT
N0000178293,8339,piperacillin,IN,8339,piperacillin,INDIRECT
N0000178293,83682,cefditoren,IN,83682,cefditoren,INDIRECT
N0000178293,847728,lumefantrine,IN,847728,lumefantrine,INDIRECT
N0000178293,8536,polymyxin B,IN,8536,polymyxin B,INDIRECT
N0000178293,858045,paliperidone palmitate,PIN,858045,paliperidone palmitate,INDIRECT
N0000178293,8611,povidone-iodine,IN,8611,povidone-iodine,INDIRECT
N0000178293,8628,praziquantel,IN,8628,praziquantel,INDIRECT
N0000178293,864624,telavancin hydrochloride,PIN,864624,telavancin hydrochloride,INDIRECT
N0000178293,8687,primaquine,IN,8687,primaquine,INDIRECT
N0000178293,8689,primaquine phosphate,PIN,8689,primaquine phosphate,INDIRECT
N0000178293,8691,primidone,IN,8691,primidone,INDIRECT
N0000178293,8700,procainamide,IN,8700,procainamide,INDIRECT
N0000178293,8754,propafenone,IN,8754,propafenone,INDIRECT
N0000178293,8886,protriptyline,IN,8886,protriptyline,INDIRECT
N0000178293,89013,aripiprazole,IN,89013,aripiprazole,INDIRECT
N0000178293,8987,pyrazinamide,IN,8987,pyrazinamide,INDIRECT
N0000178293,9010,pyrimethamine,IN,9010,pyrimethamine,INDIRECT
N0000178293,90650,technetium 99m,PIN,90650,technetium 99m,INDIRECT
N0000178293,9068,quinidine,IN,9068,quinidine,INDIRECT
N0000178293,9069,quinidine sulfate,PIN,9069,quinidine sulfate,INDIRECT
N0000178293,9071,quinine,IN,9071,quinine,INDIRECT
N0000178293,9075,quinine sulfate,PIN,9075,quinine sulfate,INDIRECT
N0000178293,91075,clindamycin palmitate hydrochloride,PIN,91075,clindamycin palmitate hydrochloride,INDIRECT
N0000178293,91118,imipramine pamoate,PIN,91118,imipramine pamoate,INDIRECT
N0000178293,91135,thiothixene hydrochloride,PIN,91135,thiothixene hydrochloride,INDIRECT
N0000178293,91293,naftifine hydrochloride,PIN,91293,naftifine hydrochloride,INDIRECT
N0000178293,91516,cyanocobalamin Co57,IN,91516,cyanocobalamin Co57,INDIRECT
N0000178293,9344,ribavirin,IN,9344,ribavirin,INDIRECT
N0000178293,9384,rifampin,IN,9384,rifampin,INDIRECT
N0000178293,9793,silver sulfadiazine,IN,9793,silver sulfadiazine,INDIRECT
N0000178293,9893,nafcillin sodium,PIN,9893,nafcillin sodium,INDIRECT
N0000178293,9898,oxacillin sodium,PIN,9898,oxacillin sodium,INDIRECT
N0000178293,9900,penicillin G sodium,PIN,9900,penicillin G sodium,INDIRECT
N0000178293,9919,sodium valproate,PIN,9919,sodium valproate,INDIRECT
N0000178293,9947,sotalol,IN,9947,sotalol,INDIRECT
N0000178294,15226,fomepizole,IN,15226,fomepizole,DIRECT
N0000178294,197,acetylcysteine,IN,197,acetylcysteine,DIRECT
N0000178294,236302,hydroxocobalamin acetate,PIN,236302,hydroxocobalamin acetate,DIRECT
N0000178294,5514,hydroxocobalamin,IN,5514,hydroxocobalamin,DIRECT
N0000178295,10109,streptomycin,IN,10109,streptomycin,INDIRECT
N0000178295,10110,streptomycin sulfate,PIN,10110,streptomycin sulfate,INDIRECT
N0000178295,101299,amphotericin B colloidal dispersion,PIN,101299,amphotericin B colloidal dispersion,INDIRECT
N0000178295,10169,sulfacetamide,IN,10169,sulfacetamide,INDIRECT
N0000178295,10171,sulfadiazine,IN,10171,sulfadiazine,INDIRECT
N0000178295,10180,sulfamethoxazole,IN,10180,sulfamethoxazole,INDIRECT
N0000178295,10207,sulfisoxazole,IN,10207,sulfisoxazole,INDIRECT
N0000178295,10208,sulfisoxazole diolamine,PIN,10208,sulfisoxazole diolamine,INDIRECT
N0000178295,10395,tetracycline,IN,10395,tetracycline,INDIRECT
N0000178295,1040005,ceftaroline,IN,1040005,ceftaroline,INDIRECT
N0000178295,10450,thiabendazole,IN,10450,thiabendazole,INDIRECT
N0000178295,10591,ticarcillin,IN,10591,ticarcillin,INDIRECT
N0000178295,10612,tinidazole,IN,10612,tinidazole,INDIRECT
N0000178295,10627,tobramycin,IN,10627,tobramycin,INDIRECT
N0000178295,10803,trifluridine,IN,10803,trifluridine,INDIRECT
N0000178295,10829,trimethoprim,IN,10829,trimethoprim,INDIRECT
N0000178295,1111103,fidaxomicin,IN,1111103,fidaxomicin,INDIRECT
N0000178295,11124,vancomycin,IN,11124,vancomycin,INDIRECT
N0000178295,119771,doripenem,IN,119771,doripenem,INDIRECT
N0000178295,121243,voriconazole,IN,121243,voriconazole,INDIRECT
N0000178295,1272,aztreonam,IN,1272,aztreonam,INDIRECT
N0000178295,1297879,ceftibuten dihydrate,PIN,1297879,ceftibuten dihydrate,INDIRECT
N0000178295,133008,amoxicillin trihydrate,PIN,133008,amoxicillin trihydrate,INDIRECT
N0000178295,1364504,bedaquiline,IN,1364504,bedaquiline,INDIRECT
N0000178295,138099,gemifloxacin,IN,138099,gemifloxacin,INDIRECT
N0000178295,139462,moxifloxacin,IN,139462,moxifloxacin,INDIRECT
N0000178295,140108,caspofungin,IN,140108,caspofungin,INDIRECT
N0000178295,142434,econazole nitrate,PIN,142434,econazole nitrate,INDIRECT
N0000178295,142435,ethambutol hydrochloride,PIN,142435,ethambutol hydrochloride,INDIRECT
N0000178295,142446,tetracycline hydrochloride,PIN,142446,tetracycline hydrochloride,INDIRECT
N0000178295,142447,ticarcillin disodium,PIN,142447,ticarcillin disodium,INDIRECT
N0000178295,1426,benzyl alcohol,IN,1426,benzyl alcohol,INDIRECT
N0000178295,1482680,luliconazole,IN,1482680,luliconazole,INDIRECT
N0000178295,1484911,sofosbuvir,IN,1484911,sofosbuvir,INDIRECT
N0000178295,1494066,miltefosine,IN,1494066,miltefosine,INDIRECT
N0000178295,1539239,dalbavancin,IN,1539239,dalbavancin,INDIRECT
N0000178295,153972,hydroxychloroquine sulfate,PIN,153972,hydroxychloroquine sulfate,INDIRECT
N0000178295,1539753,efinaconazole,IN,1539753,efinaconazole,INDIRECT
N0000178295,1540824,tedizolid phosphate,PIN,1540824,tedizolid phosphate,INDIRECT
N0000178295,1540825,tedizolid,IN,1540825,tedizolid,INDIRECT
N0000178295,1543173,tavaborole,IN,1543173,tavaborole,INDIRECT
N0000178295,1547611,oritavancin,IN,1547611,oritavancin,INDIRECT
N0000178295,1549827,oritavancin diphosphate,PIN,1549827,oritavancin diphosphate,INDIRECT
N0000178295,1591922,ledipasvir,IN,1591922,ledipasvir,INDIRECT
N0000178295,1596450,gentamicin,IN,1596450,gentamicin,INDIRECT
N0000178295,1597371,ombitasvir,IN,1597371,ombitasvir,INDIRECT
N0000178295,1597381,dasabuvir,IN,1597381,dasabuvir,INDIRECT
N0000178295,1597608,ceftolozane sulfate,PIN,1597608,ceftolozane sulfate,INDIRECT
N0000178295,1597609,ceftolozane,IN,1597609,ceftolozane,INDIRECT
N0000178295,1606218,daclatasvir,IN,1606218,daclatasvir,INDIRECT
N0000178295,1734628,elbasvir,IN,1734628,elbasvir,INDIRECT
N0000178295,1799206,velpatasvir,IN,1799206,velpatasvir,INDIRECT
N0000178295,18343,artemether,IN,18343,artemether,INDIRECT
N0000178295,18631,azithromycin,IN,18631,azithromycin,INDIRECT
N0000178295,1870193,gentamicin sulfate,PIN,1870193,gentamicin sulfate,INDIRECT
N0000178295,190376,linezolid,IN,190376,linezolid,INDIRECT
N0000178295,1927663,delafloxacin,IN,1927663,delafloxacin,INDIRECT
N0000178295,1940636,pibrentasvir,IN,1940636,pibrentasvir,INDIRECT
N0000178295,19552,cefprozil,IN,19552,cefprozil,INDIRECT
N0000178295,1987,capreomycin sulfate,PIN,1987,capreomycin sulfate,INDIRECT
N0000178295,19884,butoconazole,IN,19884,butoconazole,INDIRECT
N0000178295,2015,carbenicillin,IN,2015,carbenicillin,INDIRECT
N0000178295,203115,ampicillin trihydrate,PIN,203115,ampicillin trihydrate,INDIRECT
N0000178295,203117,cefotaxime sodium,PIN,203117,cefotaxime sodium,INDIRECT
N0000178295,203118,cefoxitin sodium,PIN,203118,cefoxitin sodium,INDIRECT
N0000178295,203133,penicillin G potassium,PIN,203133,penicillin G potassium,INDIRECT
N0000178295,203134,piperacillin sodium,PIN,203134,piperacillin sodium,INDIRECT
N0000178295,203141,cefotetan disodium,PIN,203141,cefotetan disodium,INDIRECT
N0000178295,203171,cefazolin sodium,PIN,203171,cefazolin sodium,INDIRECT
N0000178295,203172,ceftriaxone sodium,PIN,203172,ceftriaxone sodium,INDIRECT
N0000178295,203183,kanamycin sulfate,PIN,203183,kanamycin sulfate,INDIRECT
N0000178295,203193,netilmicin sulfate,PIN,203193,netilmicin sulfate,INDIRECT
N0000178295,203195,penicillin V potassium,PIN,203195,penicillin V potassium,INDIRECT
N0000178295,204144,cefuroxime sodium,PIN,204144,cefuroxime sodium,INDIRECT
N0000178295,204175,cefadroxil monohydrate,PIN,204175,cefadroxil monohydrate,INDIRECT
N0000178295,20481,cefepime,IN,20481,cefepime,INDIRECT
N0000178295,20492,ceftibuten,IN,20492,ceftibuten,INDIRECT
N0000178295,20493,cefuroxime axetil,PIN,20493,cefuroxime axetil,INDIRECT
N0000178295,20767,chloramphenicol palmitate,PIN,20767,chloramphenicol palmitate,INDIRECT
N0000178295,20863,chloroquine phosphate,PIN,20863,chloroquine phosphate,INDIRECT
N0000178295,21212,clarithromycin,IN,21212,clarithromycin,INDIRECT
N0000178295,215948,cephalexin monohydrate,PIN,215948,cephalexin monohydrate,INDIRECT
N0000178295,2176,cefaclor,IN,2176,cefaclor,INDIRECT
N0000178295,2177,cefadroxil,IN,2177,cefadroxil,INDIRECT
N0000178295,2180,cefazolin,IN,2180,cefazolin,INDIRECT
N0000178295,2184,cefoperazone,IN,2184,cefoperazone,INDIRECT
N0000178295,2186,cefotaxime,IN,2186,cefotaxime,INDIRECT
N0000178295,2187,cefotetan,IN,2187,cefotetan,INDIRECT
N0000178295,2189,cefoxitin,IN,2189,cefoxitin,INDIRECT
N0000178295,2191,ceftazidime,IN,2191,ceftazidime,INDIRECT
N0000178295,2192,ceftizoxime,IN,2192,ceftizoxime,INDIRECT
N0000178295,2193,ceftriaxone,IN,2193,ceftriaxone,INDIRECT
N0000178295,2194,cefuroxime,IN,2194,cefuroxime,INDIRECT
N0000178295,221128,mupirocin calcium,PIN,221128,mupirocin calcium,INDIRECT
N0000178295,221176,trimethoprim sulfate,PIN,221176,trimethoprim sulfate,INDIRECT
N0000178295,22299,daptomycin,IN,22299,daptomycin,INDIRECT
N0000178295,2231,cephalexin,IN,2231,cephalexin,INDIRECT
N0000178295,2239,cephradine,IN,2239,cephradine,INDIRECT
N0000178295,227214,cefoperazone sodium,PIN,227214,cefoperazone sodium,INDIRECT
N0000178295,228476,gatifloxacin,IN,228476,gatifloxacin,INDIRECT
N0000178295,228750,moxifloxacin hydrochloride,PIN,228750,moxifloxacin hydrochloride,INDIRECT
N0000178295,229367,quinupristin,IN,229367,quinupristin,INDIRECT
N0000178295,229369,dalfopristin,IN,229369,dalfopristin,INDIRECT
N0000178295,2348,chloramphenicol,IN,2348,chloramphenicol,INDIRECT
N0000178295,235559,"nitrofurantoin, macrocrystals",PIN,235559,"nitrofurantoin, macrocrystals",INDIRECT
N0000178295,235838,terbinafine hydrochloride,PIN,235838,terbinafine hydrochloride,INDIRECT
N0000178295,236058,cefepime hydrochloride,PIN,236058,cefepime hydrochloride,INDIRECT
N0000178295,236558,butenafine hydrochloride,PIN,236558,butenafine hydrochloride,INDIRECT
N0000178295,236594,amphotericin B liposomal,PIN,236594,amphotericin B liposomal,INDIRECT
N0000178295,2382,proguanil,IN,2382,proguanil,INDIRECT
N0000178295,2393,chloroquine,IN,2393,chloroquine,INDIRECT
N0000178295,24346,erythromycin gluceptate,PIN,24346,erythromycin gluceptate,INDIRECT
N0000178295,24347,erythromycin lactobionate,PIN,24347,erythromycin lactobionate,INDIRECT
N0000178295,24351,erythromycin stearate,PIN,24351,erythromycin stearate,INDIRECT
N0000178295,25033,cefixime,IN,25033,cefixime,INDIRECT
N0000178295,25037,cefdinir,IN,25037,cefdinir,INDIRECT
N0000178295,253155,azithromycin dihydrate,PIN,253155,azithromycin dihydrate,INDIRECT
N0000178295,2551,ciprofloxacin,IN,2551,ciprofloxacin,INDIRECT
N0000178295,2582,clindamycin,IN,2582,clindamycin,INDIRECT
N0000178295,258332,carbenicillin disodium,PIN,258332,carbenicillin disodium,INDIRECT
N0000178295,2592,clofazimine,IN,2592,clofazimine,INDIRECT
N0000178295,2623,clotrimazole,IN,2623,clotrimazole,INDIRECT
N0000178295,267257,dicloxacillin sodium,PIN,267257,dicloxacillin sodium,INDIRECT
N0000178295,2708,colistimethate,PIN,2708,colistimethate,INDIRECT
N0000178295,274786,telithromycin,IN,274786,telithromycin,INDIRECT
N0000178295,28031,itraconazole,IN,28031,itraconazole,INDIRECT
N0000178295,281942,cephalexin hydrochloride,PIN,281942,cephalexin hydrochloride,INDIRECT
N0000178295,282363,caspofungin acetate,PIN,282363,caspofungin acetate,INDIRECT
N0000178295,282446,posaconazole,IN,282446,posaconazole,INDIRECT
N0000178295,28981,loracarbef,IN,28981,loracarbef,INDIRECT
N0000178295,29561,meropenem,IN,29561,meropenem,INDIRECT
N0000178295,299081,spinosad,IN,299081,spinosad,INDIRECT
N0000178295,31476,naftifine,IN,31476,naftifine,INDIRECT
N0000178295,3154,demeclocycline,IN,3154,demeclocycline,INDIRECT
N0000178295,31819,nitazoxanide,IN,31819,nitazoxanide,INDIRECT
N0000178295,325642,ertapenem,IN,325642,ertapenem,INDIRECT
N0000178295,325887,micafungin,IN,325887,micafungin,INDIRECT
N0000178295,32638,oxiconazole,IN,32638,oxiconazole,INDIRECT
N0000178295,3356,dicloxacillin,IN,3356,dicloxacillin,INDIRECT
N0000178295,341018,anidulafungin,IN,341018,anidulafungin,INDIRECT
N0000178295,35617,rifapentine,IN,35617,rifapentine,INDIRECT
N0000178295,35619,rifaximin,IN,35619,rifaximin,INDIRECT
N0000178295,36435,sertaconazole,IN,36435,sertaconazole,INDIRECT
N0000178295,37319,sulconazole,IN,37319,sulconazole,INDIRECT
N0000178295,3743,econazole,IN,3743,econazole,INDIRECT
N0000178295,37801,terbinafine,IN,37801,terbinafine,INDIRECT
N0000178295,37806,terconazole,IN,37806,terconazole,INDIRECT
N0000178295,38298,tioconazole,IN,38298,tioconazole,INDIRECT
N0000178295,384455,tigecycline,IN,384455,tigecycline,INDIRECT
N0000178295,388,polymyxin B sulfate,PIN,388,polymyxin B sulfate,INDIRECT
N0000178295,402429,gemifloxacin mesylate,PIN,402429,gemifloxacin mesylate,INDIRECT
N0000178295,4053,erythromycin,IN,4053,erythromycin,INDIRECT
N0000178295,4055,erythromycin estolate,PIN,4055,erythromycin estolate,INDIRECT
N0000178295,4056,erythromycin ethylsuccinate,PIN,4056,erythromycin ethylsuccinate,INDIRECT
N0000178295,40595,acetyl sulfisoxazole,PIN,40595,acetyl sulfisoxazole,INDIRECT
N0000178295,4110,ethambutol,IN,4110,ethambutol,INDIRECT
N0000178295,4127,ethionamide,IN,4127,ethionamide,INDIRECT
N0000178295,42372,mupirocin,IN,42372,mupirocin,INDIRECT
N0000178295,42790,miconazole nitrate,PIN,42790,miconazole nitrate,INDIRECT
N0000178295,430,albendazole,IN,430,albendazole,INDIRECT
N0000178295,4450,fluconazole,IN,4450,fluconazole,INDIRECT
N0000178295,4451,flucytosine,IN,4451,flucytosine,INDIRECT
N0000178295,451796,chloroquine hydrochloride,PIN,451796,chloroquine hydrochloride,INDIRECT
N0000178295,4678,ganciclovir,IN,4678,ganciclovir,INDIRECT
N0000178295,473837,telavancin,IN,473837,telavancin,INDIRECT
N0000178295,47461,butenafine,IN,47461,butenafine,INDIRECT
N0000178295,47464,butoconazole nitrate,PIN,47464,butoconazole nitrate,INDIRECT
N0000178295,4780,oxytetracycline hydrochloride,PIN,4780,oxytetracycline hydrochloride,INDIRECT
N0000178295,47998,chloramphenicol sodium succinate,PIN,47998,chloramphenicol sodium succinate,INDIRECT
N0000178295,48305,colistimethate sodium,PIN,48305,colistimethate sodium,INDIRECT
N0000178295,485026,nafcillin sodium monohydrate,PIN,485026,nafcillin sodium monohydrate,INDIRECT
N0000178295,50749,halofantrine,IN,50749,halofantrine,INDIRECT
N0000178295,5293,hexachlorophene,IN,5293,hexachlorophene,INDIRECT
N0000178295,5521,hydroxychloroquine,IN,5521,hydroxychloroquine,INDIRECT
N0000178295,55672,rifabutin,IN,55672,rifabutin,INDIRECT
N0000178295,56461,carbenicillin indanyl sodium,PIN,56461,carbenicillin indanyl sodium,INDIRECT
N0000178295,5653,idoxuridine,IN,5653,idoxuridine,INDIRECT
N0000178295,56798,sulconazole nitrate,PIN,56798,sulconazole nitrate,INDIRECT
N0000178295,569,eflornithine,IN,569,eflornithine,INDIRECT
N0000178295,5690,imipenem,IN,5690,imipenem,INDIRECT
N0000178295,58130,halofantrine hydrochloride,PIN,58130,halofantrine hydrochloride,INDIRECT
N0000178295,60212,atovaquone,IN,60212,atovaquone,INDIRECT
N0000178295,6038,isoniazid,IN,6038,isoniazid,INDIRECT
N0000178295,6069,ivermectin,IN,6069,ivermectin,INDIRECT
N0000178295,6099,kanamycin,IN,6099,kanamycin,INDIRECT
N0000178295,6135,ketoconazole,IN,6135,ketoconazole,INDIRECT
N0000178295,641,amikacin,IN,641,amikacin,INDIRECT
N0000178295,642274,retapamulin,IN,642274,retapamulin,INDIRECT
N0000178295,643,amikacin sulfate,PIN,643,amikacin sulfate,INDIRECT
N0000178295,6572,mafenide,IN,6572,mafenide,INDIRECT
N0000178295,6573,mafenide acetate,PIN,6573,mafenide acetate,INDIRECT
N0000178295,6672,mebendazole,IN,6672,mebendazole,INDIRECT
N0000178295,66912,paromomycin sulfate,PIN,66912,paromomycin sulfate,INDIRECT
N0000178295,6694,mefloquine,IN,6694,mefloquine,INDIRECT
N0000178295,66955,vancomycin hydrochloride,PIN,66955,vancomycin hydrochloride,INDIRECT
N0000178295,6922,metronidazole,IN,6922,metronidazole,INDIRECT
N0000178295,6932,miconazole,IN,6932,miconazole,INDIRECT
N0000178295,723,amoxicillin,IN,723,amoxicillin,INDIRECT
N0000178295,7233,nafcillin,IN,7233,nafcillin,INDIRECT
N0000178295,72611,cefditoren pivoxil,PIN,72611,cefditoren pivoxil,INDIRECT
N0000178295,7268,natamycin,IN,7268,natamycin,INDIRECT
N0000178295,7276,tobramycin sulfate,PIN,7276,tobramycin sulfate,INDIRECT
N0000178295,7299,neomycin,IN,7299,neomycin,INDIRECT
N0000178295,7300,neomycin sulfate,PIN,7300,neomycin sulfate,INDIRECT
N0000178295,732,amphotericin B,IN,732,amphotericin B,INDIRECT
N0000178295,733,ampicillin,IN,733,ampicillin,INDIRECT
N0000178295,7337,netilmicin,IN,7337,netilmicin,INDIRECT
N0000178295,7454,nitrofurantoin,IN,7454,nitrofurantoin,INDIRECT
N0000178295,7517,norfloxacin,IN,7517,norfloxacin,INDIRECT
N0000178295,7597,nystatin,IN,7597,nystatin,INDIRECT
N0000178295,7623,ofloxacin,IN,7623,ofloxacin,INDIRECT
N0000178295,7773,oxacillin,IN,7773,oxacillin,INDIRECT
N0000178295,7778,oxamniquine,IN,7778,oxamniquine,INDIRECT
N0000178295,7821,oxytetracycline,IN,7821,oxytetracycline,INDIRECT
N0000178295,78903,capreomycin,IN,78903,capreomycin,INDIRECT
N0000178295,7934,paromomycin,IN,7934,paromomycin,INDIRECT
N0000178295,797272,clindamycin phosphate,PIN,797272,clindamycin phosphate,INDIRECT
N0000178295,7980,penicillin G,IN,7980,penicillin G,INDIRECT
N0000178295,7982,penicillin G benzathine,PIN,7982,penicillin G benzathine,INDIRECT
N0000178295,7983,penicillin G procaine,PIN,7983,penicillin G procaine,INDIRECT
N0000178295,7994,pentamidine,IN,7994,pentamidine,INDIRECT
N0000178295,7995,pentamidine isethionate,PIN,7995,pentamidine isethionate,INDIRECT
N0000178295,81945,eflornithine hydrochloride,PIN,81945,eflornithine hydrochloride,INDIRECT
N0000178295,81953,ampicillin sodium,PIN,81953,ampicillin sodium,INDIRECT
N0000178295,81981,ciprofloxacin hydrochloride,PIN,81981,ciprofloxacin hydrochloride,INDIRECT
N0000178295,81982,clindamycin hydrochloride,PIN,81982,clindamycin hydrochloride,INDIRECT
N0000178295,819911,besifloxacin,IN,819911,besifloxacin,INDIRECT
N0000178295,81993,demeclocycline hydrochloride,PIN,81993,demeclocycline hydrochloride,INDIRECT
N0000178295,82047,metronidazole hydrochloride,PIN,82047,metronidazole hydrochloride,INDIRECT
N0000178295,82065,oxytetracycline calcium,PIN,82065,oxytetracycline calcium,INDIRECT
N0000178295,82101,sulfacetamide sodium,PIN,82101,sulfacetamide sodium,INDIRECT
N0000178295,82122,levofloxacin,IN,82122,levofloxacin,INDIRECT
N0000178295,82126,ceftizoxime sodium,PIN,82126,ceftizoxime sodium,INDIRECT
N0000178295,82130,mefloquine hydrochloride,PIN,82130,mefloquine hydrochloride,INDIRECT
N0000178295,82131,ganciclovir sodium,PIN,82131,ganciclovir sodium,INDIRECT
N0000178295,8339,piperacillin,IN,8339,piperacillin,INDIRECT
N0000178295,83682,cefditoren,IN,83682,cefditoren,INDIRECT
N0000178295,847728,lumefantrine,IN,847728,lumefantrine,INDIRECT
N0000178295,8536,polymyxin B,IN,8536,polymyxin B,INDIRECT
N0000178295,8611,povidone-iodine,IN,8611,povidone-iodine,INDIRECT
N0000178295,8628,praziquantel,IN,8628,praziquantel,INDIRECT
N0000178295,864624,telavancin hydrochloride,PIN,864624,telavancin hydrochloride,INDIRECT
N0000178295,8687,primaquine,IN,8687,primaquine,INDIRECT
N0000178295,8689,primaquine phosphate,PIN,8689,primaquine phosphate,INDIRECT
N0000178295,8987,pyrazinamide,IN,8987,pyrazinamide,INDIRECT
N0000178295,9010,pyrimethamine,IN,9010,pyrimethamine,INDIRECT
N0000178295,9071,quinine,IN,9071,quinine,INDIRECT
N0000178295,9075,quinine sulfate,PIN,9075,quinine sulfate,INDIRECT
N0000178295,91075,clindamycin palmitate hydrochloride,PIN,91075,clindamycin palmitate hydrochloride,INDIRECT
N0000178295,91293,naftifine hydrochloride,PIN,91293,naftifine hydrochloride,INDIRECT
N0000178295,9344,ribavirin,IN,9344,ribavirin,INDIRECT
N0000178295,9384,rifampin,IN,9384,rifampin,INDIRECT
N0000178295,9793,silver sulfadiazine,IN,9793,silver sulfadiazine,INDIRECT
N0000178295,9893,nafcillin sodium,PIN,9893,nafcillin sodium,INDIRECT
N0000178295,9898,oxacillin sodium,PIN,9898,oxacillin sodium,INDIRECT
N0000178295,9900,penicillin G sodium,PIN,9900,penicillin G sodium,INDIRECT
N0000178296,10109,streptomycin,IN,10109,streptomycin,DIRECT
N0000178296,10110,streptomycin sulfate,PIN,10110,streptomycin sulfate,DIRECT
N0000178296,10169,sulfacetamide,IN,10169,sulfacetamide,DIRECT
N0000178296,10171,sulfadiazine,IN,10171,sulfadiazine,DIRECT
N0000178296,1040005,ceftaroline,IN,1040005,ceftaroline,DIRECT
N0000178296,10591,ticarcillin,IN,10591,ticarcillin,DIRECT
N0000178296,10627,tobramycin,IN,10627,tobramycin,DIRECT
N0000178296,10829,trimethoprim,IN,10829,trimethoprim,DIRECT
N0000178296,1111103,fidaxomicin,IN,1111103,fidaxomicin,DIRECT
N0000178296,11124,vancomycin,IN,11124,vancomycin,DIRECT
N0000178296,119771,doripenem,IN,119771,doripenem,DIRECT
N0000178296,1272,aztreonam,IN,1272,aztreonam,DIRECT
N0000178296,1297879,ceftibuten dihydrate,PIN,1297879,ceftibuten dihydrate,DIRECT
N0000178296,133008,amoxicillin trihydrate,PIN,133008,amoxicillin trihydrate,DIRECT
N0000178296,142447,ticarcillin disodium,PIN,142447,ticarcillin disodium,DIRECT
N0000178296,1539239,dalbavancin,IN,1539239,dalbavancin,DIRECT
N0000178296,1540824,tedizolid phosphate,PIN,1540824,tedizolid phosphate,DIRECT
N0000178296,1540825,tedizolid,IN,1540825,tedizolid,DIRECT
N0000178296,1547611,oritavancin,IN,1547611,oritavancin,DIRECT
N0000178296,1549827,oritavancin diphosphate,PIN,1549827,oritavancin diphosphate,DIRECT
N0000178296,1596450,gentamicin,IN,1596450,gentamicin,DIRECT
N0000178296,1597608,ceftolozane sulfate,PIN,1597608,ceftolozane sulfate,DIRECT
N0000178296,1597609,ceftolozane,IN,1597609,ceftolozane,DIRECT
N0000178296,1870193,gentamicin sulfate,PIN,1870193,gentamicin sulfate,DIRECT
N0000178296,190376,linezolid,IN,190376,linezolid,DIRECT
N0000178296,1927663,delafloxacin,IN,1927663,delafloxacin,DIRECT
N0000178296,19552,cefprozil,IN,19552,cefprozil,DIRECT
N0000178296,2015,carbenicillin,IN,2015,carbenicillin,DIRECT
N0000178296,203115,ampicillin trihydrate,PIN,203115,ampicillin trihydrate,DIRECT
N0000178296,203117,cefotaxime sodium,PIN,203117,cefotaxime sodium,DIRECT
N0000178296,203118,cefoxitin sodium,PIN,203118,cefoxitin sodium,DIRECT
N0000178296,203133,penicillin G potassium,PIN,203133,penicillin G potassium,DIRECT
N0000178296,203134,piperacillin sodium,PIN,203134,piperacillin sodium,DIRECT
N0000178296,203141,cefotetan disodium,PIN,203141,cefotetan disodium,DIRECT
N0000178296,203171,cefazolin sodium,PIN,203171,cefazolin sodium,DIRECT
N0000178296,203172,ceftriaxone sodium,PIN,203172,ceftriaxone sodium,DIRECT
N0000178296,203183,kanamycin sulfate,PIN,203183,kanamycin sulfate,DIRECT
N0000178296,203193,netilmicin sulfate,PIN,203193,netilmicin sulfate,DIRECT
N0000178296,203195,penicillin V potassium,PIN,203195,penicillin V potassium,DIRECT
N0000178296,204144,cefuroxime sodium,PIN,204144,cefuroxime sodium,DIRECT
N0000178296,204175,cefadroxil monohydrate,PIN,204175,cefadroxil monohydrate,DIRECT
N0000178296,20481,cefepime,IN,20481,cefepime,DIRECT
N0000178296,20492,ceftibuten,IN,20492,ceftibuten,DIRECT
N0000178296,20493,cefuroxime axetil,PIN,20493,cefuroxime axetil,DIRECT
N0000178296,20767,chloramphenicol palmitate,PIN,20767,chloramphenicol palmitate,DIRECT
N0000178296,215948,cephalexin monohydrate,PIN,215948,cephalexin monohydrate,DIRECT
N0000178296,2176,cefaclor,IN,2176,cefaclor,DIRECT
N0000178296,2177,cefadroxil,IN,2177,cefadroxil,DIRECT
N0000178296,2180,cefazolin,IN,2180,cefazolin,DIRECT
N0000178296,2184,cefoperazone,IN,2184,cefoperazone,DIRECT
N0000178296,2186,cefotaxime,IN,2186,cefotaxime,DIRECT
N0000178296,2187,cefotetan,IN,2187,cefotetan,DIRECT
N0000178296,2189,cefoxitin,IN,2189,cefoxitin,DIRECT
N0000178296,2191,ceftazidime,IN,2191,ceftazidime,DIRECT
N0000178296,2192,ceftizoxime,IN,2192,ceftizoxime,DIRECT
N0000178296,2193,ceftriaxone,IN,2193,ceftriaxone,DIRECT
N0000178296,2194,cefuroxime,IN,2194,cefuroxime,DIRECT
N0000178296,221128,mupirocin calcium,PIN,221128,mupirocin calcium,DIRECT
N0000178296,221176,trimethoprim sulfate,PIN,221176,trimethoprim sulfate,DIRECT
N0000178296,22299,daptomycin,IN,22299,daptomycin,DIRECT
N0000178296,2231,cephalexin,IN,2231,cephalexin,DIRECT
N0000178296,2239,cephradine,IN,2239,cephradine,DIRECT
N0000178296,227214,cefoperazone sodium,PIN,227214,cefoperazone sodium,DIRECT
N0000178296,229367,quinupristin,IN,229367,quinupristin,DIRECT
N0000178296,229369,dalfopristin,IN,229369,dalfopristin,DIRECT
N0000178296,2348,chloramphenicol,IN,2348,chloramphenicol,DIRECT
N0000178296,235559,"nitrofurantoin, macrocrystals",PIN,235559,"nitrofurantoin, macrocrystals",DIRECT
N0000178296,236058,cefepime hydrochloride,PIN,236058,cefepime hydrochloride,DIRECT
N0000178296,25033,cefixime,IN,25033,cefixime,DIRECT
N0000178296,25037,cefdinir,IN,25037,cefdinir,DIRECT
N0000178296,2582,clindamycin,IN,2582,clindamycin,DIRECT
N0000178296,258332,carbenicillin disodium,PIN,258332,carbenicillin disodium,DIRECT
N0000178296,267257,dicloxacillin sodium,PIN,267257,dicloxacillin sodium,DIRECT
N0000178296,2708,colistimethate,PIN,2708,colistimethate,DIRECT
N0000178296,274786,telithromycin,IN,274786,telithromycin,DIRECT
N0000178296,281942,cephalexin hydrochloride,PIN,281942,cephalexin hydrochloride,DIRECT
N0000178296,28981,loracarbef,IN,28981,loracarbef,DIRECT
N0000178296,29561,meropenem,IN,29561,meropenem,DIRECT
N0000178296,325642,ertapenem,IN,325642,ertapenem,DIRECT
N0000178296,3356,dicloxacillin,IN,3356,dicloxacillin,DIRECT
N0000178296,35619,rifaximin,IN,35619,rifaximin,DIRECT
N0000178296,384455,tigecycline,IN,384455,tigecycline,DIRECT
N0000178296,388,polymyxin B sulfate,PIN,388,polymyxin B sulfate,DIRECT
N0000178296,42372,mupirocin,IN,42372,mupirocin,DIRECT
N0000178296,473837,telavancin,IN,473837,telavancin,DIRECT
N0000178296,47998,chloramphenicol sodium succinate,PIN,47998,chloramphenicol sodium succinate,DIRECT
N0000178296,48305,colistimethate sodium,PIN,48305,colistimethate sodium,DIRECT
N0000178296,485026,nafcillin sodium monohydrate,PIN,485026,nafcillin sodium monohydrate,DIRECT
N0000178296,56461,carbenicillin indanyl sodium,PIN,56461,carbenicillin indanyl sodium,DIRECT
N0000178296,5690,imipenem,IN,5690,imipenem,DIRECT
N0000178296,6099,kanamycin,IN,6099,kanamycin,DIRECT
N0000178296,641,amikacin,IN,641,amikacin,DIRECT
N0000178296,642274,retapamulin,IN,642274,retapamulin,DIRECT
N0000178296,643,amikacin sulfate,PIN,643,amikacin sulfate,DIRECT
N0000178296,6572,mafenide,IN,6572,mafenide,DIRECT
N0000178296,6573,mafenide acetate,PIN,6573,mafenide acetate,DIRECT
N0000178296,66955,vancomycin hydrochloride,PIN,66955,vancomycin hydrochloride,DIRECT
N0000178296,723,amoxicillin,IN,723,amoxicillin,DIRECT
N0000178296,7233,nafcillin,IN,7233,nafcillin,DIRECT
N0000178296,72611,cefditoren pivoxil,PIN,72611,cefditoren pivoxil,DIRECT
N0000178296,7268,natamycin,IN,7268,natamycin,DIRECT
N0000178296,7276,tobramycin sulfate,PIN,7276,tobramycin sulfate,DIRECT
N0000178296,7299,neomycin,IN,7299,neomycin,DIRECT
N0000178296,7300,neomycin sulfate,PIN,7300,neomycin sulfate,DIRECT
N0000178296,733,ampicillin,IN,733,ampicillin,DIRECT
N0000178296,7337,netilmicin,IN,7337,netilmicin,DIRECT
N0000178296,7454,nitrofurantoin,IN,7454,nitrofurantoin,DIRECT
N0000178296,7773,oxacillin,IN,7773,oxacillin,DIRECT
N0000178296,797272,clindamycin phosphate,PIN,797272,clindamycin phosphate,DIRECT
N0000178296,7980,penicillin G,IN,7980,penicillin G,DIRECT
N0000178296,7982,penicillin G benzathine,PIN,7982,penicillin G benzathine,DIRECT
N0000178296,7983,penicillin G procaine,PIN,7983,penicillin G procaine,DIRECT
N0000178296,81953,ampicillin sodium,PIN,81953,ampicillin sodium,DIRECT
N0000178296,81982,clindamycin hydrochloride,PIN,81982,clindamycin hydrochloride,DIRECT
N0000178296,82101,sulfacetamide sodium,PIN,82101,sulfacetamide sodium,DIRECT
N0000178296,82126,ceftizoxime sodium,PIN,82126,ceftizoxime sodium,DIRECT
N0000178296,8339,piperacillin,IN,8339,piperacillin,DIRECT
N0000178296,83682,cefditoren,IN,83682,cefditoren,DIRECT
N0000178296,8536,polymyxin B,IN,8536,polymyxin B,DIRECT
N0000178296,864624,telavancin hydrochloride,PIN,864624,telavancin hydrochloride,DIRECT
N0000178296,91075,clindamycin palmitate hydrochloride,PIN,91075,clindamycin palmitate hydrochloride,DIRECT
N0000178296,9384,rifampin,IN,9384,rifampin,DIRECT
N0000178296,9793,silver sulfadiazine,IN,9793,silver sulfadiazine,DIRECT
N0000178296,9893,nafcillin sodium,PIN,9893,nafcillin sodium,DIRECT
N0000178296,9898,oxacillin sodium,PIN,9898,oxacillin sodium,DIRECT
N0000178296,9900,penicillin G sodium,PIN,9900,penicillin G sodium,DIRECT
N0000178297,101299,amphotericin B colloidal dispersion,PIN,101299,amphotericin B colloidal dispersion,DIRECT
N0000178297,121243,voriconazole,IN,121243,voriconazole,DIRECT
N0000178297,140108,caspofungin,IN,140108,caspofungin,DIRECT
N0000178297,142434,econazole nitrate,PIN,142434,econazole nitrate,DIRECT
N0000178297,1482680,luliconazole,IN,1482680,luliconazole,DIRECT
N0000178297,1539753,efinaconazole,IN,1539753,efinaconazole,DIRECT
N0000178297,1543173,tavaborole,IN,1543173,tavaborole,DIRECT
N0000178297,19884,butoconazole,IN,19884,butoconazole,DIRECT
N0000178297,235838,terbinafine hydrochloride,PIN,235838,terbinafine hydrochloride,DIRECT
N0000178297,236558,butenafine hydrochloride,PIN,236558,butenafine hydrochloride,DIRECT
N0000178297,236594,amphotericin B liposomal,PIN,236594,amphotericin B liposomal,DIRECT
N0000178297,2623,clotrimazole,IN,2623,clotrimazole,DIRECT
N0000178297,28031,itraconazole,IN,28031,itraconazole,DIRECT
N0000178297,282363,caspofungin acetate,PIN,282363,caspofungin acetate,DIRECT
N0000178297,282446,posaconazole,IN,282446,posaconazole,DIRECT
N0000178297,31476,naftifine,IN,31476,naftifine,DIRECT
N0000178297,325887,micafungin,IN,325887,micafungin,DIRECT
N0000178297,32638,oxiconazole,IN,32638,oxiconazole,DIRECT
N0000178297,341018,anidulafungin,IN,341018,anidulafungin,DIRECT
N0000178297,36435,sertaconazole,IN,36435,sertaconazole,DIRECT
N0000178297,37319,sulconazole,IN,37319,sulconazole,DIRECT
N0000178297,3743,econazole,IN,3743,econazole,DIRECT
N0000178297,37801,terbinafine,IN,37801,terbinafine,DIRECT
N0000178297,37806,terconazole,IN,37806,terconazole,DIRECT
N0000178297,38298,tioconazole,IN,38298,tioconazole,DIRECT
N0000178297,42790,miconazole nitrate,PIN,42790,miconazole nitrate,DIRECT
N0000178297,4450,fluconazole,IN,4450,fluconazole,DIRECT
N0000178297,4451,flucytosine,IN,4451,flucytosine,DIRECT
N0000178297,47461,butenafine,IN,47461,butenafine,DIRECT
N0000178297,47464,butoconazole nitrate,PIN,47464,butoconazole nitrate,DIRECT
N0000178297,56798,sulconazole nitrate,PIN,56798,sulconazole nitrate,DIRECT
N0000178297,6135,ketoconazole,IN,6135,ketoconazole,DIRECT
N0000178297,6932,miconazole,IN,6932,miconazole,DIRECT
N0000178297,732,amphotericin B,IN,732,amphotericin B,DIRECT
N0000178297,7597,nystatin,IN,7597,nystatin,DIRECT
N0000178297,91293,naftifine hydrochloride,PIN,91293,naftifine hydrochloride,DIRECT
N0000178298,10450,thiabendazole,IN,10450,thiabendazole,DIRECT
N0000178298,430,albendazole,IN,430,albendazole,DIRECT
N0000178298,6672,mebendazole,IN,6672,mebendazole,DIRECT
N0000178298,7778,oxamniquine,IN,7778,oxamniquine,DIRECT
N0000178298,8628,praziquantel,IN,8628,praziquantel,DIRECT
N0000178299,153972,hydroxychloroquine sulfate,PIN,153972,hydroxychloroquine sulfate,DIRECT
N0000178299,18343,artemether,IN,18343,artemether,DIRECT
N0000178299,20863,chloroquine phosphate,PIN,20863,chloroquine phosphate,DIRECT
N0000178299,2382,proguanil,IN,2382,proguanil,DIRECT
N0000178299,2393,chloroquine,IN,2393,chloroquine,DIRECT
N0000178299,451796,chloroquine hydrochloride,PIN,451796,chloroquine hydrochloride,DIRECT
N0000178299,50749,halofantrine,IN,50749,halofantrine,DIRECT
N0000178299,5521,hydroxychloroquine,IN,5521,hydroxychloroquine,DIRECT
N0000178299,58130,halofantrine hydrochloride,PIN,58130,halofantrine hydrochloride,DIRECT
N0000178299,60212,atovaquone,IN,60212,atovaquone,DIRECT
N0000178299,6694,mefloquine,IN,6694,mefloquine,DIRECT
N0000178299,82130,mefloquine hydrochloride,PIN,82130,mefloquine hydrochloride,DIRECT
N0000178299,847728,lumefantrine,IN,847728,lumefantrine,DIRECT
N0000178299,8687,primaquine,IN,8687,primaquine,DIRECT
N0000178299,8689,primaquine phosphate,PIN,8689,primaquine phosphate,DIRECT
N0000178299,9010,pyrimethamine,IN,9010,pyrimethamine,DIRECT
N0000178299,9071,quinine,IN,9071,quinine,DIRECT
N0000178299,9075,quinine sulfate,PIN,9075,quinine sulfate,DIRECT
N0000178300,10180,sulfamethoxazole,IN,10180,sulfamethoxazole,DIRECT
N0000178300,10207,sulfisoxazole,IN,10207,sulfisoxazole,DIRECT
N0000178300,10208,sulfisoxazole diolamine,PIN,10208,sulfisoxazole diolamine,DIRECT
N0000178300,10395,tetracycline,IN,10395,tetracycline,DIRECT
N0000178300,10612,tinidazole,IN,10612,tinidazole,DIRECT
N0000178300,138099,gemifloxacin,IN,138099,gemifloxacin,DIRECT
N0000178300,139462,moxifloxacin,IN,139462,moxifloxacin,DIRECT
N0000178300,142446,tetracycline hydrochloride,PIN,142446,tetracycline hydrochloride,DIRECT
N0000178300,18631,azithromycin,IN,18631,azithromycin,DIRECT
N0000178300,21212,clarithromycin,IN,21212,clarithromycin,DIRECT
N0000178300,228476,gatifloxacin,IN,228476,gatifloxacin,DIRECT
N0000178300,228750,moxifloxacin hydrochloride,PIN,228750,moxifloxacin hydrochloride,DIRECT
N0000178300,24346,erythromycin gluceptate,PIN,24346,erythromycin gluceptate,DIRECT
N0000178300,24347,erythromycin lactobionate,PIN,24347,erythromycin lactobionate,DIRECT
N0000178300,24351,erythromycin stearate,PIN,24351,erythromycin stearate,DIRECT
N0000178300,253155,azithromycin dihydrate,PIN,253155,azithromycin dihydrate,DIRECT
N0000178300,2551,ciprofloxacin,IN,2551,ciprofloxacin,DIRECT
N0000178300,3154,demeclocycline,IN,3154,demeclocycline,DIRECT
N0000178300,402429,gemifloxacin mesylate,PIN,402429,gemifloxacin mesylate,DIRECT
N0000178300,4053,erythromycin,IN,4053,erythromycin,DIRECT
N0000178300,4055,erythromycin estolate,PIN,4055,erythromycin estolate,DIRECT
N0000178300,4056,erythromycin ethylsuccinate,PIN,4056,erythromycin ethylsuccinate,DIRECT
N0000178300,40595,acetyl sulfisoxazole,PIN,40595,acetyl sulfisoxazole,DIRECT
N0000178300,4780,oxytetracycline hydrochloride,PIN,4780,oxytetracycline hydrochloride,DIRECT
N0000178300,6922,metronidazole,IN,6922,metronidazole,DIRECT
N0000178300,7517,norfloxacin,IN,7517,norfloxacin,DIRECT
N0000178300,7623,ofloxacin,IN,7623,ofloxacin,DIRECT
N0000178300,7821,oxytetracycline,IN,7821,oxytetracycline,DIRECT
N0000178300,81981,ciprofloxacin hydrochloride,PIN,81981,ciprofloxacin hydrochloride,DIRECT
N0000178300,819911,besifloxacin,IN,819911,besifloxacin,DIRECT
N0000178300,81993,demeclocycline hydrochloride,PIN,81993,demeclocycline hydrochloride,DIRECT
N0000178300,82047,metronidazole hydrochloride,PIN,82047,metronidazole hydrochloride,DIRECT
N0000178300,82065,oxytetracycline calcium,PIN,82065,oxytetracycline calcium,DIRECT
N0000178300,82122,levofloxacin,IN,82122,levofloxacin,DIRECT
N0000178301,10109,streptomycin,IN,10109,streptomycin,DIRECT
N0000178301,10110,streptomycin sulfate,PIN,10110,streptomycin sulfate,DIRECT
N0000178301,1364504,bedaquiline,IN,1364504,bedaquiline,DIRECT
N0000178301,142435,ethambutol hydrochloride,PIN,142435,ethambutol hydrochloride,DIRECT
N0000178301,1987,capreomycin sulfate,PIN,1987,capreomycin sulfate,DIRECT
N0000178301,2592,clofazimine,IN,2592,clofazimine,DIRECT
N0000178301,35617,rifapentine,IN,35617,rifapentine,DIRECT
N0000178301,4110,ethambutol,IN,4110,ethambutol,DIRECT
N0000178301,4127,ethionamide,IN,4127,ethionamide,DIRECT
N0000178301,55672,rifabutin,IN,55672,rifabutin,DIRECT
N0000178301,6038,isoniazid,IN,6038,isoniazid,DIRECT
N0000178301,78903,capreomycin,IN,78903,capreomycin,DIRECT
N0000178301,8987,pyrazinamide,IN,8987,pyrazinamide,DIRECT
N0000178302,1426,benzyl alcohol,IN,1426,benzyl alcohol,DIRECT
N0000178302,299081,spinosad,IN,299081,spinosad,DIRECT
N0000178302,6069,ivermectin,IN,6069,ivermectin,DIRECT
N0000178303,1494066,miltefosine,IN,1494066,miltefosine,DIRECT
N0000178303,31819,nitazoxanide,IN,31819,nitazoxanide,DIRECT
N0000178303,569,eflornithine,IN,569,eflornithine,DIRECT
N0000178303,60212,atovaquone,IN,60212,atovaquone,DIRECT
N0000178303,66912,paromomycin sulfate,PIN,66912,paromomycin sulfate,DIRECT
N0000178303,7934,paromomycin,IN,7934,paromomycin,DIRECT
N0000178303,7994,pentamidine,IN,7994,pentamidine,DIRECT
N0000178303,7995,pentamidine isethionate,PIN,7995,pentamidine isethionate,DIRECT
N0000178303,81945,eflornithine hydrochloride,PIN,81945,eflornithine hydrochloride,DIRECT
N0000178304,10803,trifluridine,IN,10803,trifluridine,DIRECT
N0000178304,1484911,sofosbuvir,IN,1484911,sofosbuvir,DIRECT
N0000178304,1591922,ledipasvir,IN,1591922,ledipasvir,DIRECT
N0000178304,1597371,ombitasvir,IN,1597371,ombitasvir,DIRECT
N0000178304,1597381,dasabuvir,IN,1597381,dasabuvir,DIRECT
N0000178304,1606218,daclatasvir,IN,1606218,daclatasvir,DIRECT
N0000178304,1734628,elbasvir,IN,1734628,elbasvir,DIRECT
N0000178304,1799206,velpatasvir,IN,1799206,velpatasvir,DIRECT
N0000178304,1940636,pibrentasvir,IN,1940636,pibrentasvir,DIRECT
N0000178304,4678,ganciclovir,IN,4678,ganciclovir,DIRECT
N0000178304,5653,idoxuridine,IN,5653,idoxuridine,DIRECT
N0000178304,82131,ganciclovir sodium,PIN,82131,ganciclovir sodium,DIRECT
N0000178304,9344,ribavirin,IN,9344,ribavirin,DIRECT
N0000178305,5293,hexachlorophene,IN,5293,hexachlorophene,DIRECT
N0000178305,8611,povidone-iodine,IN,8611,povidone-iodine,DIRECT
N0000178308,153972,hydroxychloroquine sulfate,PIN,153972,hydroxychloroquine sulfate,DIRECT
N0000178308,27169,leflunomide,IN,27169,leflunomide,DIRECT
N0000178308,5521,hydroxychloroquine,IN,5521,hydroxychloroquine,DIRECT
N0000178308,7975,penicillamine,IN,7975,penicillamine,DIRECT
N0000178309,142138,mexiletine hydrochloride,PIN,142138,mexiletine hydrochloride,INDIRECT
N0000178309,142440,lidocaine hydrochloride,PIN,142440,lidocaine hydrochloride,INDIRECT
N0000178309,155056,procainamide hydrochloride,PIN,155056,procainamide hydrochloride,INDIRECT
N0000178309,203114,amiodarone hydrochloride,PIN,203114,amiodarone hydrochloride,INDIRECT
N0000178309,203135,propafenone hydrochloride,PIN,203135,propafenone hydrochloride,INDIRECT
N0000178309,203178,disopyramide phosphate,PIN,203178,disopyramide phosphate,INDIRECT
N0000178309,221126,moricizine hydrochloride,PIN,221126,moricizine hydrochloride,INDIRECT
N0000178309,233698,dronedarone,IN,233698,dronedarone,INDIRECT
N0000178309,35220,quinidine gluconate,PIN,35220,quinidine gluconate,INDIRECT
N0000178309,3541,disopyramide,IN,3541,disopyramide,INDIRECT
N0000178309,35829,ranolazine,IN,35829,ranolazine,INDIRECT
N0000178309,40169,moricizine,IN,40169,moricizine,INDIRECT
N0000178309,41289,ibutilide,IN,41289,ibutilide,INDIRECT
N0000178309,41875,quinidine polygalacturonate,PIN,41875,quinidine polygalacturonate,INDIRECT
N0000178309,42686,flecainide acetate,PIN,42686,flecainide acetate,INDIRECT
N0000178309,4441,flecainide,IN,4441,flecainide,INDIRECT
N0000178309,49247,dofetilide,IN,49247,dofetilide,INDIRECT
N0000178309,51256,ibutilide fumarate,PIN,51256,ibutilide fumarate,INDIRECT
N0000178309,6387,lidocaine,IN,6387,lidocaine,INDIRECT
N0000178309,6926,mexiletine,IN,6926,mexiletine,INDIRECT
N0000178309,7008,sotalol hydrochloride,PIN,7008,sotalol hydrochloride,INDIRECT
N0000178309,703,amiodarone,IN,703,amiodarone,INDIRECT
N0000178309,8700,procainamide,IN,8700,procainamide,INDIRECT
N0000178309,8754,propafenone,IN,8754,propafenone,INDIRECT
N0000178309,9068,quinidine,IN,9068,quinidine,INDIRECT
N0000178309,9069,quinidine sulfate,PIN,9069,quinidine sulfate,INDIRECT
N0000178309,9947,sotalol,IN,9947,sotalol,INDIRECT
N0000178310,35829,ranolazine,IN,35829,ranolazine,DIRECT
N0000178311,142138,mexiletine hydrochloride,PIN,142138,mexiletine hydrochloride,DIRECT
N0000178311,142440,lidocaine hydrochloride,PIN,142440,lidocaine hydrochloride,DIRECT
N0000178311,155056,procainamide hydrochloride,PIN,155056,procainamide hydrochloride,DIRECT
N0000178311,203114,amiodarone hydrochloride,PIN,203114,amiodarone hydrochloride,DIRECT
N0000178311,203135,propafenone hydrochloride,PIN,203135,propafenone hydrochloride,DIRECT
N0000178311,203178,disopyramide phosphate,PIN,203178,disopyramide phosphate,DIRECT
N0000178311,221126,moricizine hydrochloride,PIN,221126,moricizine hydrochloride,DIRECT
N0000178311,233698,dronedarone,IN,233698,dronedarone,DIRECT
N0000178311,35220,quinidine gluconate,PIN,35220,quinidine gluconate,DIRECT
N0000178311,3541,disopyramide,IN,3541,disopyramide,DIRECT
N0000178311,40169,moricizine,IN,40169,moricizine,DIRECT
N0000178311,41289,ibutilide,IN,41289,ibutilide,DIRECT
N0000178311,41875,quinidine polygalacturonate,PIN,41875,quinidine polygalacturonate,DIRECT
N0000178311,42686,flecainide acetate,PIN,42686,flecainide acetate,DIRECT
N0000178311,4441,flecainide,IN,4441,flecainide,DIRECT
N0000178311,49247,dofetilide,IN,49247,dofetilide,DIRECT
N0000178311,51256,ibutilide fumarate,PIN,51256,ibutilide fumarate,DIRECT
N0000178311,6387,lidocaine,IN,6387,lidocaine,DIRECT
N0000178311,6926,mexiletine,IN,6926,mexiletine,DIRECT
N0000178311,7008,sotalol hydrochloride,PIN,7008,sotalol hydrochloride,DIRECT
N0000178311,703,amiodarone,IN,703,amiodarone,DIRECT
N0000178311,8700,procainamide,IN,8700,procainamide,DIRECT
N0000178311,8754,propafenone,IN,8754,propafenone,DIRECT
N0000178311,9068,quinidine,IN,9068,quinidine,DIRECT
N0000178311,9069,quinidine sulfate,PIN,9069,quinidine sulfate,DIRECT
N0000178311,9947,sotalol,IN,9947,sotalol,DIRECT
N0000178312,1040028,lurasidone,IN,1040028,lurasidone,INDIRECT
N0000178312,10510,thiothixene,IN,10510,thiothixene,INDIRECT
N0000178312,10827,trimethadione,IN,10827,trimethadione,INDIRECT
N0000178312,10834,trimipramine,IN,10834,trimipramine,INDIRECT
N0000178312,1101333,gabapentin enacarbil,PIN,1101333,gabapentin enacarbil,INDIRECT
N0000178312,11118,valproic acid,PIN,11118,valproic acid,INDIRECT
N0000178312,114477,levetiracetam,IN,114477,levetiracetam,INDIRECT
N0000178312,115698,ziprasidone,IN,115698,ziprasidone,INDIRECT
N0000178312,1294533,ziprasidone hydrochloride,PIN,1294533,ziprasidone hydrochloride,INDIRECT
N0000178312,14851,vigabatrin,IN,14851,vigabatrin,INDIRECT
N0000178312,150816,imipramine hydrochloride,PIN,150816,imipramine hydrochloride,INDIRECT
N0000178312,1658314,brexpiprazole,IN,1658314,brexpiprazole,INDIRECT
N0000178312,1667655,cariprazine,IN,1667655,cariprazine,INDIRECT
N0000178312,1673265,aripiprazole lauroxil,IN,1673265,aripiprazole lauroxil,INDIRECT
N0000178312,1791685,pimavanserin,IN,1791685,pimavanserin,INDIRECT
N0000178312,2002,carbamazepine,IN,2002,carbamazepine,INDIRECT
N0000178312,203130,nortriptyline hydrochloride,PIN,203130,nortriptyline hydrochloride,INDIRECT
N0000178312,203168,amitriptyline hydrochloride,PIN,203168,amitriptyline hydrochloride,INDIRECT
N0000178312,203174,desipramine hydrochloride,PIN,203174,desipramine hydrochloride,INDIRECT
N0000178312,203179,doxepin hydrochloride,PIN,203179,doxepin hydrochloride,INDIRECT
N0000178312,203199,protriptyline hydrochloride,PIN,203199,protriptyline hydrochloride,INDIRECT
N0000178312,217483,haloperidol lactate,PIN,217483,haloperidol lactate,INDIRECT
N0000178312,221153,quetiapine fumarate,PIN,221153,quetiapine fumarate,INDIRECT
N0000178312,23370,diphenidol,IN,23370,diphenidol,INDIRECT
N0000178312,236875,tiagabine hydrochloride,PIN,236875,tiagabine hydrochloride,INDIRECT
N0000178312,24812,felbamate,IN,24812,felbamate,INDIRECT
N0000178312,25480,gabapentin,IN,25480,gabapentin,INDIRECT
N0000178312,2597,clomipramine,IN,2597,clomipramine,INDIRECT
N0000178312,2626,clozapine,IN,2626,clozapine,INDIRECT
N0000178312,26420,haloperidol decanoate,PIN,26420,haloperidol decanoate,INDIRECT
N0000178312,266856,divalproex sodium,PIN,266856,divalproex sodium,INDIRECT
N0000178312,28439,lamotrigine,IN,28439,lamotrigine,INDIRECT
N0000178312,31914,tiagabine,IN,31914,tiagabine,INDIRECT
N0000178312,3247,desipramine,IN,3247,desipramine,INDIRECT
N0000178312,32624,oxcarbazepine,IN,32624,oxcarbazepine,INDIRECT
N0000178312,353116,ziprasidone mesylate,PIN,353116,ziprasidone mesylate,INDIRECT
N0000178312,35636,risperidone,IN,35636,risperidone,INDIRECT
N0000178312,3638,doxepin,IN,3638,doxepin,INDIRECT
N0000178312,38404,topiramate,IN,38404,topiramate,INDIRECT
N0000178312,38685,trimethobenzamide,IN,38685,trimethobenzamide,INDIRECT
N0000178312,39998,zonisamide,IN,39998,zonisamide,INDIRECT
N0000178312,4135,ethosuximide,IN,4135,ethosuximide,INDIRECT
N0000178312,4136,ethotoin,IN,4136,ethotoin,INDIRECT
N0000178312,47858,methsuximide,IN,47858,methsuximide,INDIRECT
N0000178312,47877,diphenidol hydrochloride,PIN,47877,diphenidol hydrochloride,INDIRECT
N0000178312,5093,haloperidol,IN,5093,haloperidol,INDIRECT
N0000178312,51272,quetiapine,IN,51272,quetiapine,INDIRECT
N0000178312,5691,imipramine,IN,5691,imipramine,INDIRECT
N0000178312,57227,trimethobenzamide hydrochloride,PIN,57227,trimethobenzamide hydrochloride,INDIRECT
N0000178312,61381,olanzapine,IN,61381,olanzapine,INDIRECT
N0000178312,623400,lacosamide,IN,623400,lacosamide,INDIRECT
N0000178312,6676,meclizine,IN,6676,meclizine,INDIRECT
N0000178312,6757,mephenytoin,IN,6757,mephenytoin,INDIRECT
N0000178312,679314,paliperidone,IN,679314,paliperidone,INDIRECT
N0000178312,7019,molindone,IN,7019,molindone,INDIRECT
N0000178312,704,amitriptyline,IN,704,amitriptyline,INDIRECT
N0000178312,71227,phenytoin sodium,PIN,71227,phenytoin sodium,INDIRECT
N0000178312,71532,trimipramine maleate,PIN,71532,trimipramine maleate,INDIRECT
N0000178312,722,amoxapine,IN,722,amoxapine,INDIRECT
N0000178312,72236,fosphenytoin,IN,72236,fosphenytoin,INDIRECT
N0000178312,73178,iloperidone,IN,73178,iloperidone,INDIRECT
N0000178312,7531,nortriptyline,IN,7531,nortriptyline,INDIRECT
N0000178312,784649,asenapine,IN,784649,asenapine,INDIRECT
N0000178312,8183,phenytoin,IN,8183,phenytoin,INDIRECT
N0000178312,81984,clomipramine hydrochloride,PIN,81984,clomipramine hydrochloride,INDIRECT
N0000178312,82041,meclizine hydrochloride,PIN,82041,meclizine hydrochloride,INDIRECT
N0000178312,82051,molindone hydrochloride,PIN,82051,molindone hydrochloride,INDIRECT
N0000178312,82806,fosphenytoin sodium,PIN,82806,fosphenytoin sodium,INDIRECT
N0000178312,8331,pimozide,IN,8331,pimozide,INDIRECT
N0000178312,858045,paliperidone palmitate,PIN,858045,paliperidone palmitate,INDIRECT
N0000178312,8691,primidone,IN,8691,primidone,INDIRECT
N0000178312,8886,protriptyline,IN,8886,protriptyline,INDIRECT
N0000178312,89013,aripiprazole,IN,89013,aripiprazole,INDIRECT
N0000178312,91118,imipramine pamoate,PIN,91118,imipramine pamoate,INDIRECT
N0000178312,91135,thiothixene hydrochloride,PIN,91135,thiothixene hydrochloride,INDIRECT
N0000178312,9919,sodium valproate,PIN,9919,sodium valproate,INDIRECT
N0000178313,10827,trimethadione,IN,10827,trimethadione,DIRECT
N0000178313,1101333,gabapentin enacarbil,PIN,1101333,gabapentin enacarbil,DIRECT
N0000178313,11118,valproic acid,PIN,11118,valproic acid,DIRECT
N0000178313,114477,levetiracetam,IN,114477,levetiracetam,DIRECT
N0000178313,14851,vigabatrin,IN,14851,vigabatrin,DIRECT
N0000178313,236875,tiagabine hydrochloride,PIN,236875,tiagabine hydrochloride,DIRECT
N0000178313,24812,felbamate,IN,24812,felbamate,DIRECT
N0000178313,25480,gabapentin,IN,25480,gabapentin,DIRECT
N0000178313,266856,divalproex sodium,PIN,266856,divalproex sodium,DIRECT
N0000178313,28439,lamotrigine,IN,28439,lamotrigine,DIRECT
N0000178313,31914,tiagabine,IN,31914,tiagabine,DIRECT
N0000178313,32624,oxcarbazepine,IN,32624,oxcarbazepine,DIRECT
N0000178313,38404,topiramate,IN,38404,topiramate,DIRECT
N0000178313,39998,zonisamide,IN,39998,zonisamide,DIRECT
N0000178313,4135,ethosuximide,IN,4135,ethosuximide,DIRECT
N0000178313,4136,ethotoin,IN,4136,ethotoin,DIRECT
N0000178313,47858,methsuximide,IN,47858,methsuximide,DIRECT
N0000178313,623400,lacosamide,IN,623400,lacosamide,DIRECT
N0000178313,6757,mephenytoin,IN,6757,mephenytoin,DIRECT
N0000178313,71227,phenytoin sodium,PIN,71227,phenytoin sodium,DIRECT
N0000178313,72236,fosphenytoin,IN,72236,fosphenytoin,DIRECT
N0000178313,8183,phenytoin,IN,8183,phenytoin,DIRECT
N0000178313,82806,fosphenytoin sodium,PIN,82806,fosphenytoin sodium,DIRECT
N0000178313,8691,primidone,IN,8691,primidone,DIRECT
N0000178313,9919,sodium valproate,PIN,9919,sodium valproate,DIRECT
N0000178314,10834,trimipramine,IN,10834,trimipramine,DIRECT
N0000178314,11118,valproic acid,PIN,11118,valproic acid,DIRECT
N0000178314,150816,imipramine hydrochloride,PIN,150816,imipramine hydrochloride,DIRECT
N0000178314,2002,carbamazepine,IN,2002,carbamazepine,DIRECT
N0000178314,203130,nortriptyline hydrochloride,PIN,203130,nortriptyline hydrochloride,DIRECT
N0000178314,203168,amitriptyline hydrochloride,PIN,203168,amitriptyline hydrochloride,DIRECT
N0000178314,203174,desipramine hydrochloride,PIN,203174,desipramine hydrochloride,DIRECT
N0000178314,203179,doxepin hydrochloride,PIN,203179,doxepin hydrochloride,DIRECT
N0000178314,203199,protriptyline hydrochloride,PIN,203199,protriptyline hydrochloride,DIRECT
N0000178314,2597,clomipramine,IN,2597,clomipramine,DIRECT
N0000178314,266856,divalproex sodium,PIN,266856,divalproex sodium,DIRECT
N0000178314,28439,lamotrigine,IN,28439,lamotrigine,DIRECT
N0000178314,3247,desipramine,IN,3247,desipramine,DIRECT
N0000178314,3638,doxepin,IN,3638,doxepin,DIRECT
N0000178314,5691,imipramine,IN,5691,imipramine,DIRECT
N0000178314,704,amitriptyline,IN,704,amitriptyline,DIRECT
N0000178314,71532,trimipramine maleate,PIN,71532,trimipramine maleate,DIRECT
N0000178314,722,amoxapine,IN,722,amoxapine,DIRECT
N0000178314,7531,nortriptyline,IN,7531,nortriptyline,DIRECT
N0000178314,81984,clomipramine hydrochloride,PIN,81984,clomipramine hydrochloride,DIRECT
N0000178314,8886,protriptyline,IN,8886,protriptyline,DIRECT
N0000178314,91118,imipramine pamoate,PIN,91118,imipramine pamoate,DIRECT
N0000178314,9919,sodium valproate,PIN,9919,sodium valproate,DIRECT
N0000178315,11118,valproic acid,PIN,11118,valproic acid,DIRECT
N0000178315,2002,carbamazepine,IN,2002,carbamazepine,DIRECT
N0000178315,266856,divalproex sodium,PIN,266856,divalproex sodium,DIRECT
N0000178315,28439,lamotrigine,IN,28439,lamotrigine,DIRECT
N0000178315,9919,sodium valproate,PIN,9919,sodium valproate,DIRECT
N0000178316,1040028,lurasidone,IN,1040028,lurasidone,DIRECT
N0000178316,10510,thiothixene,IN,10510,thiothixene,DIRECT
N0000178316,115698,ziprasidone,IN,115698,ziprasidone,DIRECT
N0000178316,1294533,ziprasidone hydrochloride,PIN,1294533,ziprasidone hydrochloride,DIRECT
N0000178316,1658314,brexpiprazole,IN,1658314,brexpiprazole,DIRECT
N0000178316,1667655,cariprazine,IN,1667655,cariprazine,DIRECT
N0000178316,1673265,aripiprazole lauroxil,IN,1673265,aripiprazole lauroxil,DIRECT
N0000178316,1791685,pimavanserin,IN,1791685,pimavanserin,DIRECT
N0000178316,217483,haloperidol lactate,PIN,217483,haloperidol lactate,DIRECT
N0000178316,221153,quetiapine fumarate,PIN,221153,quetiapine fumarate,DIRECT
N0000178316,2626,clozapine,IN,2626,clozapine,DIRECT
N0000178316,26420,haloperidol decanoate,PIN,26420,haloperidol decanoate,DIRECT
N0000178316,353116,ziprasidone mesylate,PIN,353116,ziprasidone mesylate,DIRECT
N0000178316,35636,risperidone,IN,35636,risperidone,DIRECT
N0000178316,5093,haloperidol,IN,5093,haloperidol,DIRECT
N0000178316,51272,quetiapine,IN,51272,quetiapine,DIRECT
N0000178316,61381,olanzapine,IN,61381,olanzapine,DIRECT
N0000178316,679314,paliperidone,IN,679314,paliperidone,DIRECT
N0000178316,7019,molindone,IN,7019,molindone,DIRECT
N0000178316,73178,iloperidone,IN,73178,iloperidone,DIRECT
N0000178316,784649,asenapine,IN,784649,asenapine,DIRECT
N0000178316,82051,molindone hydrochloride,PIN,82051,molindone hydrochloride,DIRECT
N0000178316,8331,pimozide,IN,8331,pimozide,DIRECT
N0000178316,858045,paliperidone palmitate,PIN,858045,paliperidone palmitate,DIRECT
N0000178316,89013,aripiprazole,IN,89013,aripiprazole,DIRECT
N0000178316,91135,thiothixene hydrochloride,PIN,91135,thiothixene hydrochloride,DIRECT
N0000178317,10349,sodium pertechnetate Tc 99m,PIN,10349,sodium pertechnetate Tc 99m,DIRECT
N0000178317,1362737,fluorodeoxyglucose F18,IN,1362737,fluorodeoxyglucose F18,DIRECT
N0000178317,1426874,ioflupane I-123,PIN,1426874,ioflupane I-123,DIRECT
N0000178317,1427224,florbetapir F-18,PIN,1427224,florbetapir F-18,DIRECT
N0000178317,1482913,technetium Tc 99m sestamibi,PIN,1482913,technetium Tc 99m sestamibi,DIRECT
N0000178317,25138,fluorescein,IN,25138,fluorescein,DIRECT
N0000178317,259268,indium In-111 pentetate disodium,PIN,259268,indium In-111 pentetate disodium,DIRECT
N0000178317,259282,xenon-133,PIN,259282,xenon-133,DIRECT
N0000178317,272758,gallium 67 citrate,PIN,272758,gallium 67 citrate,DIRECT
N0000178317,314299,"albumin,chromated Cr-51 serum",IN,314299,"albumin,chromated Cr-51 serum",DIRECT
N0000178317,317177,"albumin,iodinated I-125 serum",IN,317177,"albumin,iodinated I-125 serum",DIRECT
N0000178317,37665,technetium Tc 99m disofenin,PIN,37665,technetium Tc 99m disofenin,DIRECT
N0000178317,5775,indocyanine green,IN,5775,indocyanine green,DIRECT
N0000178317,57789,fluorescein sodium,PIN,57789,fluorescein sodium,DIRECT
N0000178317,90650,technetium 99m,PIN,90650,technetium 99m,DIRECT
N0000178317,91516,cyanocobalamin Co57,IN,91516,cyanocobalamin Co57,DIRECT
N0000178318,18993,benzonatate,IN,18993,benzonatate,INDIRECT
N0000178319,18993,benzonatate,IN,18993,benzonatate,DIRECT
N0000178370,1364449,crofelemer,IN,1364449,crofelemer,INDIRECT
N0000178370,23024,difenoxin,IN,23024,difenoxin,INDIRECT
N0000178370,23370,diphenidol,IN,23370,diphenidol,INDIRECT
N0000178370,235373,difenoxin hydrochloride,PIN,235373,difenoxin hydrochloride,INDIRECT
N0000178370,3500,diphenoxylate,IN,3500,diphenoxylate,INDIRECT
N0000178370,38685,trimethobenzamide,IN,38685,trimethobenzamide,INDIRECT
N0000178370,47877,diphenidol hydrochloride,PIN,47877,diphenidol hydrochloride,INDIRECT
N0000178370,57227,trimethobenzamide hydrochloride,PIN,57227,trimethobenzamide hydrochloride,INDIRECT
N0000178370,6676,meclizine,IN,6676,meclizine,INDIRECT
N0000178370,82005,diphenoxylate hydrochloride,PIN,82005,diphenoxylate hydrochloride,INDIRECT
N0000178370,82041,meclizine hydrochloride,PIN,82041,meclizine hydrochloride,INDIRECT
N0000178371,23370,diphenidol,IN,23370,diphenidol,DIRECT
N0000178371,38685,trimethobenzamide,IN,38685,trimethobenzamide,DIRECT
N0000178371,47877,diphenidol hydrochloride,PIN,47877,diphenidol hydrochloride,DIRECT
N0000178371,57227,trimethobenzamide hydrochloride,PIN,57227,trimethobenzamide hydrochloride,DIRECT
N0000178371,6676,meclizine,IN,6676,meclizine,DIRECT
N0000178371,82041,meclizine hydrochloride,PIN,82041,meclizine hydrochloride,DIRECT
N0000178373,1364449,crofelemer,IN,1364449,crofelemer,DIRECT
N0000178373,23024,difenoxin,IN,23024,difenoxin,DIRECT
N0000178373,235373,difenoxin hydrochloride,PIN,235373,difenoxin hydrochloride,DIRECT
N0000178373,3500,diphenoxylate,IN,3500,diphenoxylate,DIRECT
N0000178373,82005,diphenoxylate hydrochloride,PIN,82005,diphenoxylate hydrochloride,DIRECT
